date,device,start,app,package,duration_sec
2026-09-13,android,11:09:41,Permission controller,com.google.android.permissioncontroller,27
2026-09-13,android,11:12:31,Settings,com.android.settings,40
2026-09-13,android,12:52:09,Permission controller,com.google.android.permissioncontroller,36
2026-09-13,android,17:17:10,Permission controller,com.google.android.permissioncontroller,36
2026-09-13,android,20:04:16,Permission controller,com.google.android.permissioncontroller,134
2026-09-13,android,20:09:42,Permission controller,com.google.android.permissioncontroller,14
2026-09-13,android,20:26:24,Settings,com.android.settings,4
2026-09-13,android,20:26:30,Clock,com.google.android.deskclock,3
2026-09-13,android,20:26:36,Settings,com.android.settings,4
2026-09-14,android,00:29:16,Permission controller,com.google.android.permissioncontroller,134
2026-09-14,android,00:34:43,Permission controller,com.google.android.permissioncontroller,14
2026-09-14,android,00:51:24,Settings,com.android.settings,4
2026-09-14,android,00:51:31,Clock,com.google.android.deskclock,3
2026-09-14,android,00:51:37,Settings,com.android.settings,4
2026-09-14,android,09:38:29,Permission controller,com.google.android.permissioncontroller,134
2026-09-14,android,09:43:56,Permission controller,com.google.android.permissioncontroller,14
2026-09-14,android,10:00:37,Settings,com.android.settings,4
2026-09-14,android,10:00:44,Clock,com.google.android.deskclock,3
2026-09-14,android,10:00:50,Settings,com.android.settings,4
2026-09-14,android,10:51:34,Permission controller,com.google.android.permissioncontroller,7
2026-09-14,android,15:16:35,Permission controller,com.google.android.permissioncontroller,7
2026-09-15,android,00:25:48,Permission controller,com.google.android.permissioncontroller,7
2026-09-15,android,12:51:07,Chrome,com.android.chrome,3
2026-09-15,android,12:56:17,Chrome,com.android.chrome,18
2026-09-28,android,12:07:15,Google Play services,com.google.android.gms,26
2026-09-28,android,12:34:27,Google Play services,com.google.android.gms,6
2026-09-28,android,12:34:42,Settings,com.android.settings,6
2026-09-28,android,12:35:21,Android Setup,com.google.android.setupwizard,3
2026-09-28,android,12:40:28,Face Enroll,com.google.android.settings.future.biometrics.faceenroll,7
2026-09-28,android,12:40:41,Google Play services,com.google.android.gms,66
2026-09-28,android,12:41:54,Settings,com.android.settings,17
2026-09-28,android,12:42:15,Personal Safety,com.google.android.apps.safetyhub,4
2026-09-28,android,12:42:19,Google Play services,com.google.android.gms,7
2026-09-28,android,12:42:31,Pixel setup,com.google.android.pixel.setupwizard,6
2026-09-28,android,12:43:16,Google Play services,com.google.android.gms,22
2026-09-28,android,12:43:56,Google,com.google.android.googlequicksearchbox,9
2026-09-28,android,12:44:08,Google Play Store,com.android.vending,36
2026-09-28,android,15:19:41,Permission controller,com.google.android.permissioncontroller,4
2026-09-28,android,15:19:46,Camera,com.google.android.GoogleCamera,19
2026-09-28,android,15:20:05,Photos,com.google.android.apps.photos,4
2026-09-28,android,15:22:34,Happ,com.happproxy,9
2026-09-28,android,15:22:54,Gmail,com.google.android.gm,45
2026-09-28,android,15:23:52,Gmail,com.google.android.gm,12
2026-09-28,android,15:24:05,Happ,com.happproxy,27
2026-09-28,android,15:24:33,Google,com.google.android.googlequicksearchbox,30
2026-09-28,android,15:25:04,Happ,com.happproxy,7
2026-09-28,android,15:25:23,Gmail,com.google.android.gm,8
2026-09-28,android,15:25:42,Files by Google,com.google.android.apps.nbu.files,4
2026-09-28,android,15:25:53,Files by Google,com.google.android.apps.nbu.files,6
2026-09-28,android,15:26:29,Happ,com.happproxy,3
2026-09-28,android,15:26:32,Chrome,com.android.chrome,17
2026-09-28,android,15:28:30,Permission controller,com.google.android.permissioncontroller,3
2026-09-28,android,15:28:33,Pixel Weather,com.google.android.apps.weather,6
2026-09-28,android,15:28:41,Permission controller,com.google.android.permissioncontroller,3
2026-09-28,android,15:29:45,Photos,com.google.android.apps.photos,6
2026-09-28,android,15:29:54,Photos,com.google.android.apps.photos,60
2026-09-28,android,15:31:46,Google,com.google.android.googlequicksearchbox,13
2026-09-28,android,15:32:02,Google,com.google.android.googlequicksearchbox,28
2026-09-28,android,15:33:13,Google Play services,com.google.android.gms,10
2026-09-28,android,15:33:26,Google Play Store,com.android.vending,64
2026-09-28,android,15:36:21,Google Wallet,com.google.android.apps.walletnfcrel,7
2026-09-28,android,15:36:30,Google Play Store,com.android.vending,6
2026-09-28,android,15:36:37,Happ,com.happproxy,6
2026-09-28,android,15:36:45,Google Play Store,com.android.vending,16
2026-09-28,android,15:37:07,Google Play Store,com.android.vending,4
2026-09-28,android,15:37:11,Happ,com.happproxy,4
2026-09-28,android,15:37:15,Google Play Store,com.android.vending,29
2026-09-28,android,15:37:58,Photos,com.google.android.apps.photos,27
2026-09-28,android,15:38:26,Camera,com.google.android.GoogleCamera,14
2026-09-28,android,15:39:07,Telegram,org.telegram.messenger,3
2026-09-28,android,15:39:11,Telegram,org.telegram.messenger,22
2026-09-28,android,15:39:34,Gmail,com.google.android.gm,4
2026-09-28,android,15:39:39,Telegram,org.telegram.messenger,4
2026-09-28,android,15:39:46,Telegram,org.telegram.messenger,15
2026-09-28,android,15:40:25,Telegram,org.telegram.messenger,40
2026-09-28,android,15:41:09,Telegram,org.telegram.messenger,41
2026-09-28,android,15:42:05,Telegram,org.telegram.messenger,12
2026-09-28,android,15:42:19,Photos,com.google.android.apps.photos,41
2026-09-28,android,15:43:02,Telegram,org.telegram.messenger,24
2026-09-28,android,15:43:32,Photos,com.google.android.apps.photos,101
2026-09-28,android,15:54:39,Google,com.google.android.googlequicksearchbox,5
2026-09-28,android,15:55:14,Telegram,org.telegram.messenger,5
2026-09-28,android,15:55:19,Permission controller,com.google.android.permissioncontroller,3
2026-09-28,android,15:55:22,Telegram,org.telegram.messenger,4
2026-09-28,android,15:55:29,Photos,com.google.android.apps.photos,12
2026-09-28,android,15:55:49,Permission controller,com.google.android.permissioncontroller,3
2026-09-28,android,15:55:53,Google,com.google.android.googlequicksearchbox,6
2026-09-28,android,15:56:00,Google,com.google.android.googlequicksearchbox,7
2026-09-28,android,15:56:21,My Pixel,com.google.android.apps.tips,7
2026-09-28,android,15:56:58,YouTube Music,com.google.android.apps.youtube.music,30
2026-09-28,android,15:57:32,YouTube,com.google.android.youtube,18
2026-09-28,android,15:57:52,Camera,com.google.android.GoogleCamera,48
2026-09-28,android,15:58:40,Photos,com.google.android.apps.photos,23
2026-09-28,android,15:59:04,Camera,com.google.android.GoogleCamera,5
2026-09-28,android,16:09:44,Phone,com.google.android.dialer,23
2026-09-28,android,16:10:09,Chrome,com.android.chrome,14
2026-09-28,android,16:10:26,Telegram,org.telegram.messenger,12
2026-09-28,android,16:16:32,Telegram,org.telegram.messenger,3
2026-09-28,android,16:16:47,Google,com.google.android.googlequicksearchbox,14
2026-09-28,android,16:17:33,Telegram,org.telegram.messenger,6
2026-09-28,android,16:17:42,Google,com.google.android.googlequicksearchbox,86
2026-09-28,android,16:24:13,Google,com.google.android.googlequicksearchbox,8
2026-09-28,android,16:24:28,Google,com.google.android.googlequicksearchbox,4
2026-09-28,android,16:24:35,Google,com.google.android.googlequicksearchbox,67
2026-09-28,android,16:25:53,Google,com.google.android.googlequicksearchbox,36
2026-09-28,android,16:26:47,Google Play Store,com.android.vending,34
2026-09-28,android,16:27:38,Google Play Store,com.android.vending,37
2026-09-28,android,16:28:18,Google Play Store,com.android.vending,79
2026-09-28,android,16:29:45,Google Play Store,com.android.vending,29
2026-09-28,android,16:30:28,Google Play Store,com.android.vending,80
2026-09-28,android,16:34:28,Google Play services,com.google.android.gms,7
2026-09-28,android,16:34:41,Google Play Store,com.android.vending,80
2026-09-28,android,16:36:04,Yandex Go,ru.yandex.taxi,6
2026-09-28,android,16:36:13,Yandex Go,ru.yandex.taxi,109
2026-09-28,android,16:38:20,Settings,com.android.settings,10
2026-09-28,android,16:39:23,Settings,com.android.settings,5
2026-09-28,android,17:00:56,Settings,com.android.settings,9
2026-09-28,android,17:01:14,Google Play Store,com.android.vending,4
2026-09-28,android,17:14:25,Google Play services,com.google.android.gms,17
2026-09-28,android,17:14:47,Google,com.google.android.googlequicksearchbox,4
2026-09-28,android,17:14:56,Happ,com.happproxy,5
2026-09-28,android,17:15:04,Yandex Go,ru.yandex.taxi,28
2026-09-28,android,17:15:34,Google,com.google.android.googlequicksearchbox,26
2026-09-29,android,09:58:58,Settings,com.android.settings,7
2026-09-29,android,09:59:01,Settings,com.android.settings,7
2026-09-29,android,10:00:07,Settings,com.android.settings,8
2026-09-29,android,10:00:10,Settings,com.android.settings,8
2026-09-29,android,10:30:21,Happ,com.happproxy,5
2026-09-29,android,10:30:24,Happ,com.happproxy,5
2026-09-29,android,10:47:00,Permission controller,com.google.android.permissioncontroller,5
2026-09-29,android,10:47:03,Permission controller,com.google.android.permissioncontroller,5
2026-09-29,android,10:49:19,Telegram,org.telegram.messenger,7
2026-09-29,android,10:49:22,Telegram,org.telegram.messenger,7
2026-09-29,android,11:59:17,Happ,com.happproxy,4
2026-09-29,android,11:59:20,Happ,com.happproxy,4
2026-09-29,android,13:24:21,Telegram,org.telegram.messenger,9
2026-09-29,android,13:24:24,Telegram,org.telegram.messenger,9
2026-09-29,android,16:31:49,Pixel Stand,com.google.android.apps.dreamliner,12
2026-09-29,android,16:31:52,Pixel Stand,com.google.android.apps.dreamliner,12
2026-09-29,android,16:32:01,Dreams,com.google.assistant.hubui,34
2026-09-29,android,16:32:04,Dreams,com.google.assistant.hubui,34
2026-09-29,android,16:32:35,Pixel Stand,com.google.android.apps.dreamliner,6
2026-09-29,android,16:32:38,Pixel Stand,com.google.android.apps.dreamliner,6
2026-09-29,android,20:47:12,Dreams,com.google.assistant.hubui,808
2026-09-29,android,20:47:15,Dreams,com.google.assistant.hubui,808
2026-09-29,android,21:00:52,Dreams,com.google.assistant.hubui,864
2026-09-29,android,21:00:55,Dreams,com.google.assistant.hubui,864
2026-09-29,android,21:15:07,IntentResolver,com.android.intentresolver,8
2026-09-29,android,21:15:10,IntentResolver,com.android.intentresolver,8
2026-09-29,android,21:15:27,Dreams,com.google.assistant.hubui,1007
2026-09-29,android,21:15:30,Dreams,com.google.assistant.hubui,1007
2026-09-29,android,22:26:28,Dreams,com.google.assistant.hubui,171
2026-09-29,android,22:26:31,Dreams,com.google.assistant.hubui,171
2026-09-29,android,22:34:16,Google Play Store,com.android.vending,10
2026-09-29,android,22:34:19,Google Play Store,com.android.vending,10
2026-09-29,android,22:34:28,Google Play Store,com.android.vending,39
2026-09-29,android,22:34:31,Google Play Store,com.android.vending,39
2026-09-29,android,22:35:11,Google Play Store,com.android.vending,131
2026-09-29,android,22:35:14,Google Play Store,com.android.vending,131
2026-09-29,android,22:37:54,Chrome,com.android.chrome,27
2026-09-29,android,22:37:57,Chrome,com.android.chrome,27
2026-09-29,android,22:38:30,Package installer,com.google.android.packageinstaller,9
2026-09-29,android,22:38:33,Package installer,com.google.android.packageinstaller,9
2026-09-29,android,22:38:41,RuStore,ru.vk.store,3
2026-09-29,android,22:38:44,RuStore,ru.vk.store,3
2026-09-29,android,22:38:48,Settings,com.android.settings,5
2026-09-29,android,22:38:51,Settings,com.android.settings,5
2026-09-29,android,22:38:53,RuStore,ru.vk.store,24
2026-09-29,android,22:38:56,RuStore,ru.vk.store,24
2026-09-29,android,22:39:21,RuStore,ru.vk.store,17
2026-09-29,android,22:39:24,RuStore,ru.vk.store,17
2026-09-29,android,22:39:41,RuStore,ru.vk.store,5
2026-09-29,android,22:39:44,RuStore,ru.vk.store,5
2026-09-29,android,22:39:46,Yandex,com.yandex.searchapp,5
2026-09-29,android,22:39:49,Yandex,com.yandex.searchapp,5
2026-09-29,android,22:39:51,Google Play services,com.google.android.gms,42
2026-09-29,android,22:39:54,Google Play services,com.google.android.gms,42
2026-09-29,android,22:40:33,Yandex,com.yandex.searchapp,40
2026-09-29,android,22:40:36,Yandex,com.yandex.searchapp,40
2026-09-29,android,22:41:14,Google Play services,com.google.android.gms,6
2026-09-29,android,22:41:16,Google Play services,com.google.android.gms,6
2026-09-29,android,22:41:20,Yandex,com.yandex.searchapp,3
2026-09-29,android,22:41:23,Yandex,com.yandex.searchapp,3
2026-09-29,android,22:41:36,RuStore,ru.vk.store,18
2026-09-29,android,22:41:39,RuStore,ru.vk.store,18
2026-09-29,android,22:43:23,Альфа-Банк,ru.alfabank.mobile.android,10
2026-09-29,android,22:43:26,Альфа-Банк,ru.alfabank.mobile.android,10
2026-09-29,android,22:44:00,Альфа-Банк,ru.alfabank.mobile.android,9
2026-09-29,android,22:44:03,Альфа-Банк,ru.alfabank.mobile.android,9
2026-09-29,android,22:44:21,Yandex Music,ru.yandex.music,6
2026-09-29,android,22:44:24,Yandex Music,ru.yandex.music,6
2026-09-29,android,22:47:04,Yandex Go,ru.yandex.taxi,8
2026-09-29,android,22:47:07,Yandex Go,ru.yandex.taxi,8
2026-09-30,android,21:52:58,Google Play services,com.google.android.gms,5
2026-09-30,android,21:53:01,Google Play services,com.google.android.gms,5
2026-09-30,android,21:53:04,Settings,com.android.settings,3
2026-09-30,android,21:53:07,Settings,com.android.settings,3
2026-09-30,android,21:53:37,Dreams,com.google.assistant.hubui,5
2026-09-30,android,21:53:40,Dreams,com.google.assistant.hubui,5
2026-09-30,android,21:57:17,Dreams,com.google.assistant.hubui,118
2026-09-30,android,21:57:20,Dreams,com.google.assistant.hubui,118
2026-09-30,android,22:02:19,Dreams,com.google.assistant.hubui,23
2026-09-30,android,22:02:23,Dreams,com.google.assistant.hubui,23
2026-09-30,android,22:03:55,Dreams,com.google.assistant.hubui,10
2026-09-30,android,22:03:59,Dreams,com.google.assistant.hubui,10
2026-09-30,android,22:23:51,Permission controller,com.google.android.permissioncontroller,11
2026-09-30,android,22:23:55,Permission controller,com.google.android.permissioncontroller,11
2026-09-30,android,22:24:03,Альфа-Банк,ru.alfabank.mobile.android,16
2026-09-30,android,22:24:06,Альфа-Банк,ru.alfabank.mobile.android,16
2026-09-30,android,22:24:23,Альфа-Банк,ru.alfabank.mobile.android,4
2026-09-30,android,22:24:26,Альфа-Банк,ru.alfabank.mobile.android,4
2026-09-30,android,22:26:45,Альфа-Банк,ru.alfabank.mobile.android,6
2026-09-30,android,22:26:48,Альфа-Банк,ru.alfabank.mobile.android,6
2026-09-30,android,22:27:01,Альфа-Банк,ru.alfabank.mobile.android,29
2026-09-30,android,22:27:04,Альфа-Банк,ru.alfabank.mobile.android,29
2026-09-30,android,22:27:32,Альфа-Банк,ru.alfabank.mobile.android,24
2026-09-30,android,22:27:35,Альфа-Банк,ru.alfabank.mobile.android,24
2026-09-30,android,22:27:59,Альфа-Банк,ru.alfabank.mobile.android,4
2026-09-30,android,22:28:02,Альфа-Банк,ru.alfabank.mobile.android,4
2026-09-30,android,22:28:57,Dreams,com.google.assistant.hubui,5
2026-09-30,android,22:29:00,Dreams,com.google.assistant.hubui,5
2026-09-30,android,22:29:28,Dreams,com.google.assistant.hubui,21
2026-09-30,android,22:29:31,Dreams,com.google.assistant.hubui,21
2026-09-30,android,22:30:00,Dreams,com.google.assistant.hubui,7
2026-09-30,android,22:30:03,Dreams,com.google.assistant.hubui,7
2026-09-30,android,22:30:18,Dreams,com.google.assistant.hubui,3
2026-09-30,android,22:30:21,Dreams,com.google.assistant.hubui,3
2026-09-30,android,22:30:31,Dreams,com.google.assistant.hubui,4
2026-09-30,android,22:30:34,Dreams,com.google.assistant.hubui,4
2026-09-30,android,22:30:46,Dreams,com.google.assistant.hubui,3
2026-09-30,android,22:30:49,Dreams,com.google.assistant.hubui,3
2026-09-30,android,22:30:59,Dreams,com.google.assistant.hubui,4
2026-09-30,android,22:31:02,Dreams,com.google.assistant.hubui,4
2026-09-30,android,22:31:14,Dreams,com.google.assistant.hubui,3
2026-09-30,android,22:31:17,Dreams,com.google.assistant.hubui,3
2026-09-30,android,22:31:27,Dreams,com.google.assistant.hubui,3
2026-09-30,android,22:31:30,Dreams,com.google.assistant.hubui,3
2026-09-30,android,22:31:41,Dreams,com.google.assistant.hubui,3
2026-09-30,android,22:31:44,Dreams,com.google.assistant.hubui,3
2026-09-30,android,22:31:54,Dreams,com.google.assistant.hubui,4
2026-09-30,android,22:31:57,Dreams,com.google.assistant.hubui,4
2026-09-30,android,22:32:09,Dreams,com.google.assistant.hubui,3
2026-09-30,android,22:32:12,Dreams,com.google.assistant.hubui,3
2026-09-30,android,22:32:23,Dreams,com.google.assistant.hubui,3
2026-09-30,android,22:32:26,Dreams,com.google.assistant.hubui,3
2026-09-30,android,22:32:38,Dreams,com.google.assistant.hubui,11
2026-09-30,android,22:32:41,Dreams,com.google.assistant.hubui,11
2026-09-30,android,22:33:00,Dreams,com.google.assistant.hubui,7
2026-09-30,android,22:33:03,Dreams,com.google.assistant.hubui,7
2026-09-30,android,22:33:18,Dreams,com.google.assistant.hubui,3
2026-09-30,android,22:33:21,Dreams,com.google.assistant.hubui,3
2026-09-30,android,22:33:32,Dreams,com.google.assistant.hubui,6
2026-09-30,android,22:33:35,Dreams,com.google.assistant.hubui,6
2026-09-30,android,22:33:49,Dreams,com.google.assistant.hubui,3
2026-09-30,android,22:33:52,Dreams,com.google.assistant.hubui,3
2026-09-30,android,22:34:02,Dreams,com.google.assistant.hubui,3
2026-09-30,android,22:34:05,Dreams,com.google.assistant.hubui,3
2026-09-30,android,22:34:16,Dreams,com.google.assistant.hubui,4
2026-09-30,android,22:34:19,Dreams,com.google.assistant.hubui,4
2026-09-30,android,22:34:31,Dreams,com.google.assistant.hubui,3
2026-09-30,android,22:34:34,Dreams,com.google.assistant.hubui,3
2026-09-30,android,22:34:44,Dreams,com.google.assistant.hubui,5
2026-09-30,android,22:34:47,Dreams,com.google.assistant.hubui,5
2026-09-30,android,22:35:00,Dreams,com.google.assistant.hubui,4
2026-09-30,android,22:35:03,Dreams,com.google.assistant.hubui,4
2026-09-30,android,22:35:14,Dreams,com.google.assistant.hubui,3
2026-09-30,android,22:35:17,Dreams,com.google.assistant.hubui,3
2026-09-30,android,22:35:27,Dreams,com.google.assistant.hubui,6
2026-09-30,android,22:35:30,Dreams,com.google.assistant.hubui,6
2026-09-30,android,22:35:44,Dreams,com.google.assistant.hubui,5
2026-09-30,android,22:35:47,Dreams,com.google.assistant.hubui,5
2026-09-30,android,22:35:59,Dreams,com.google.assistant.hubui,3
2026-09-30,android,22:36:02,Dreams,com.google.assistant.hubui,3
2026-09-30,android,22:36:13,Dreams,com.google.assistant.hubui,4
2026-09-30,android,22:36:16,Dreams,com.google.assistant.hubui,4
2026-09-30,android,22:36:26,Dreams,com.google.assistant.hubui,4
2026-09-30,android,22:36:29,Dreams,com.google.assistant.hubui,4
2026-09-30,android,22:36:39,Dreams,com.google.assistant.hubui,3
2026-09-30,android,22:36:42,Dreams,com.google.assistant.hubui,3
2026-09-30,android,22:36:53,Dreams,com.google.assistant.hubui,3
2026-09-30,android,22:36:56,Dreams,com.google.assistant.hubui,3
2026-09-30,android,22:37:07,Dreams,com.google.assistant.hubui,3
2026-09-30,android,22:37:10,Dreams,com.google.assistant.hubui,3
2026-09-30,android,22:37:21,Dreams,com.google.assistant.hubui,3
2026-09-30,android,22:37:24,Dreams,com.google.assistant.hubui,3
2026-09-30,android,22:37:49,Dreams,com.google.assistant.hubui,3
2026-09-30,android,22:37:52,Dreams,com.google.assistant.hubui,3
2026-09-30,android,22:38:02,Dreams,com.google.assistant.hubui,3
2026-09-30,android,22:38:05,Dreams,com.google.assistant.hubui,3
2026-09-30,android,22:38:17,Dreams,com.google.assistant.hubui,4
2026-09-30,android,22:38:20,Dreams,com.google.assistant.hubui,4
2026-09-30,android,22:38:32,Dreams,com.google.assistant.hubui,4
2026-09-30,android,22:38:35,Dreams,com.google.assistant.hubui,4
2026-09-30,android,22:38:47,Dreams,com.google.assistant.hubui,5
2026-09-30,android,22:38:50,Dreams,com.google.assistant.hubui,5
2026-09-30,android,22:39:03,Dreams,com.google.assistant.hubui,3
2026-09-30,android,22:39:06,Dreams,com.google.assistant.hubui,3
2026-09-30,android,22:39:16,Dreams,com.google.assistant.hubui,3
2026-09-30,android,22:39:19,Dreams,com.google.assistant.hubui,3
2026-09-30,android,22:39:30,Dreams,com.google.assistant.hubui,3
2026-09-30,android,22:39:33,Dreams,com.google.assistant.hubui,3
2026-09-30,android,22:39:43,Dreams,com.google.assistant.hubui,3
2026-09-30,android,22:39:46,Dreams,com.google.assistant.hubui,3
2026-09-30,android,22:39:56,Dreams,com.google.assistant.hubui,3
2026-09-30,android,22:39:59,Dreams,com.google.assistant.hubui,3
2026-09-30,android,22:40:10,Dreams,com.google.assistant.hubui,3
2026-09-30,android,22:40:13,Dreams,com.google.assistant.hubui,3
2026-09-30,android,22:40:24,Dreams,com.google.assistant.hubui,4
2026-09-30,android,22:40:27,Dreams,com.google.assistant.hubui,4
2026-09-30,android,22:40:39,Dreams,com.google.assistant.hubui,5
2026-09-30,android,22:40:42,Dreams,com.google.assistant.hubui,5
2026-09-30,android,22:40:55,Dreams,com.google.assistant.hubui,5
2026-09-30,android,22:40:58,Dreams,com.google.assistant.hubui,5
2026-09-30,android,22:41:10,Dreams,com.google.assistant.hubui,3
2026-09-30,android,22:41:13,Dreams,com.google.assistant.hubui,3
2026-09-30,android,22:41:23,Dreams,com.google.assistant.hubui,5
2026-09-30,android,22:41:26,Dreams,com.google.assistant.hubui,5
2026-09-30,android,22:41:39,Dreams,com.google.assistant.hubui,3
2026-09-30,android,22:41:42,Dreams,com.google.assistant.hubui,3
2026-09-30,android,22:41:53,Dreams,com.google.assistant.hubui,3
2026-09-30,android,22:41:56,Dreams,com.google.assistant.hubui,3
2026-09-30,android,22:42:06,Dreams,com.google.assistant.hubui,3
2026-09-30,android,22:42:09,Dreams,com.google.assistant.hubui,3
2026-09-30,android,22:42:20,Dreams,com.google.assistant.hubui,5
2026-09-30,android,22:42:23,Dreams,com.google.assistant.hubui,5
2026-09-30,android,22:42:36,Dreams,com.google.assistant.hubui,3
2026-09-30,android,22:42:39,Dreams,com.google.assistant.hubui,3
2026-09-30,android,22:42:50,Dreams,com.google.assistant.hubui,5
2026-09-30,android,22:42:53,Dreams,com.google.assistant.hubui,5
2026-09-30,android,22:43:06,Dreams,com.google.assistant.hubui,3
2026-09-30,android,22:43:09,Dreams,com.google.assistant.hubui,3
2026-09-30,android,22:43:19,Dreams,com.google.assistant.hubui,3
2026-09-30,android,22:43:22,Dreams,com.google.assistant.hubui,3
2026-09-30,android,22:43:33,Dreams,com.google.assistant.hubui,3
2026-09-30,android,22:43:36,Dreams,com.google.assistant.hubui,3
2026-09-30,android,22:43:47,Dreams,com.google.assistant.hubui,5
2026-09-30,android,22:43:50,Dreams,com.google.assistant.hubui,5
2026-09-30,android,22:44:03,Dreams,com.google.assistant.hubui,3
2026-09-30,android,22:44:06,Dreams,com.google.assistant.hubui,3
2026-09-30,android,22:44:17,Dreams,com.google.assistant.hubui,3
2026-09-30,android,22:44:20,Dreams,com.google.assistant.hubui,3
2026-09-30,android,22:44:44,Dreams,com.google.assistant.hubui,3
2026-09-30,android,22:44:47,Dreams,com.google.assistant.hubui,3
2026-09-30,android,22:44:58,Dreams,com.google.assistant.hubui,3
2026-09-30,android,22:45:01,Dreams,com.google.assistant.hubui,3
2026-09-30,android,22:45:12,Dreams,com.google.assistant.hubui,3
2026-09-30,android,22:45:15,Dreams,com.google.assistant.hubui,3
2026-09-30,android,22:45:25,Dreams,com.google.assistant.hubui,3
2026-09-30,android,22:45:28,Dreams,com.google.assistant.hubui,3
2026-09-30,android,22:45:39,Dreams,com.google.assistant.hubui,3
2026-09-30,android,22:45:42,Dreams,com.google.assistant.hubui,3
2026-09-30,android,22:45:53,Dreams,com.google.assistant.hubui,4
2026-09-30,android,22:45:56,Dreams,com.google.assistant.hubui,4
2026-09-30,android,22:46:08,Dreams,com.google.assistant.hubui,3
2026-09-30,android,22:46:11,Dreams,com.google.assistant.hubui,3
2026-09-30,android,22:46:22,Dreams,com.google.assistant.hubui,3
2026-09-30,android,22:46:25,Dreams,com.google.assistant.hubui,3
2026-09-30,android,22:46:36,Dreams,com.google.assistant.hubui,6
2026-09-30,android,22:46:39,Dreams,com.google.assistant.hubui,6
2026-09-30,android,22:46:53,Dreams,com.google.assistant.hubui,5
2026-09-30,android,22:46:56,Dreams,com.google.assistant.hubui,5
2026-09-30,android,22:47:09,Dreams,com.google.assistant.hubui,3
2026-09-30,android,22:47:12,Dreams,com.google.assistant.hubui,3
2026-09-30,android,22:47:23,Dreams,com.google.assistant.hubui,3
2026-09-30,android,22:47:26,Dreams,com.google.assistant.hubui,3
2026-09-30,android,22:47:38,Dreams,com.google.assistant.hubui,3
2026-09-30,android,22:47:41,Dreams,com.google.assistant.hubui,3
2026-09-30,android,22:47:51,Dreams,com.google.assistant.hubui,3
2026-09-30,android,22:47:54,Dreams,com.google.assistant.hubui,3
2026-09-30,android,22:48:05,Dreams,com.google.assistant.hubui,3
2026-09-30,android,22:48:08,Dreams,com.google.assistant.hubui,3
2026-09-30,android,22:48:19,Dreams,com.google.assistant.hubui,4
2026-09-30,android,22:48:22,Dreams,com.google.assistant.hubui,4
2026-09-30,android,22:48:34,Dreams,com.google.assistant.hubui,3
2026-09-30,android,22:48:37,Dreams,com.google.assistant.hubui,3
2026-09-30,android,22:48:48,Dreams,com.google.assistant.hubui,4
2026-09-30,android,22:48:51,Dreams,com.google.assistant.hubui,4
2026-09-30,android,22:49:03,Dreams,com.google.assistant.hubui,3
2026-09-30,android,22:49:06,Dreams,com.google.assistant.hubui,3
2026-09-30,android,22:49:17,Dreams,com.google.assistant.hubui,3
2026-09-30,android,22:49:20,Dreams,com.google.assistant.hubui,3
2026-09-30,android,22:49:31,Dreams,com.google.assistant.hubui,3
2026-09-30,android,22:49:34,Dreams,com.google.assistant.hubui,3
2026-09-30,android,22:49:45,Dreams,com.google.assistant.hubui,5
2026-09-30,android,22:49:48,Dreams,com.google.assistant.hubui,5
2026-09-30,android,22:50:01,Dreams,com.google.assistant.hubui,3
2026-09-30,android,22:50:04,Dreams,com.google.assistant.hubui,3
2026-09-30,android,22:50:14,Dreams,com.google.assistant.hubui,3
2026-09-30,android,22:50:17,Dreams,com.google.assistant.hubui,3
2026-09-30,android,22:50:29,Dreams,com.google.assistant.hubui,4
2026-09-30,android,22:50:32,Dreams,com.google.assistant.hubui,4
2026-09-30,android,22:50:44,Dreams,com.google.assistant.hubui,5
2026-09-30,android,22:50:47,Dreams,com.google.assistant.hubui,5
2026-09-30,android,22:51:13,Dreams,com.google.assistant.hubui,3
2026-09-30,android,22:51:16,Dreams,com.google.assistant.hubui,3
2026-09-30,android,22:51:28,Dreams,com.google.assistant.hubui,4
2026-09-30,android,22:51:31,Dreams,com.google.assistant.hubui,4
2026-09-30,android,22:51:43,Dreams,com.google.assistant.hubui,3
2026-09-30,android,22:51:46,Dreams,com.google.assistant.hubui,3
2026-09-30,android,22:51:56,Dreams,com.google.assistant.hubui,3
2026-09-30,android,22:51:59,Dreams,com.google.assistant.hubui,3
2026-09-30,android,22:52:10,Dreams,com.google.assistant.hubui,3
2026-09-30,android,22:52:13,Dreams,com.google.assistant.hubui,3
2026-09-30,android,22:52:23,Dreams,com.google.assistant.hubui,3
2026-09-30,android,22:52:26,Dreams,com.google.assistant.hubui,3
2026-09-30,android,22:52:37,Dreams,com.google.assistant.hubui,4
2026-09-30,android,22:52:40,Dreams,com.google.assistant.hubui,4
2026-09-30,android,22:52:53,Dreams,com.google.assistant.hubui,3
2026-09-30,android,22:52:56,Dreams,com.google.assistant.hubui,3
2026-09-30,android,22:53:07,Dreams,com.google.assistant.hubui,5
2026-09-30,android,22:53:10,Dreams,com.google.assistant.hubui,5
2026-09-30,android,22:53:24,Dreams,com.google.assistant.hubui,5
2026-09-30,android,22:53:27,Dreams,com.google.assistant.hubui,5
2026-09-30,android,22:53:39,Dreams,com.google.assistant.hubui,4
2026-09-30,android,22:53:42,Dreams,com.google.assistant.hubui,4
2026-09-30,android,22:53:54,Dreams,com.google.assistant.hubui,3
2026-09-30,android,22:53:57,Dreams,com.google.assistant.hubui,3
2026-09-30,android,22:54:08,Dreams,com.google.assistant.hubui,3
2026-09-30,android,22:54:12,Dreams,com.google.assistant.hubui,3
2026-09-30,android,22:54:22,Dreams,com.google.assistant.hubui,5
2026-09-30,android,22:54:26,Dreams,com.google.assistant.hubui,5
2026-09-30,android,22:54:38,Dreams,com.google.assistant.hubui,4
2026-09-30,android,22:54:42,Dreams,com.google.assistant.hubui,4
2026-09-30,android,22:54:54,Dreams,com.google.assistant.hubui,4
2026-09-30,android,22:54:58,Dreams,com.google.assistant.hubui,4
2026-09-30,android,22:55:09,Dreams,com.google.assistant.hubui,3
2026-09-30,android,22:55:13,Dreams,com.google.assistant.hubui,3
2026-09-30,android,22:55:22,Dreams,com.google.assistant.hubui,3
2026-09-30,android,22:55:26,Dreams,com.google.assistant.hubui,3
2026-09-30,android,22:55:37,Dreams,com.google.assistant.hubui,3
2026-09-30,android,22:55:41,Dreams,com.google.assistant.hubui,3
2026-09-30,android,22:55:51,Dreams,com.google.assistant.hubui,5
2026-09-30,android,22:55:55,Dreams,com.google.assistant.hubui,5
2026-09-30,android,22:56:07,Dreams,com.google.assistant.hubui,5
2026-09-30,android,22:56:11,Dreams,com.google.assistant.hubui,5
2026-09-30,android,22:56:23,Dreams,com.google.assistant.hubui,3
2026-09-30,android,22:56:27,Dreams,com.google.assistant.hubui,3
2026-09-30,android,22:56:50,Dreams,com.google.assistant.hubui,3
2026-09-30,android,22:56:54,Dreams,com.google.assistant.hubui,3
2026-09-30,android,22:57:05,Dreams,com.google.assistant.hubui,4
2026-09-30,android,22:57:09,Dreams,com.google.assistant.hubui,4
2026-09-30,android,22:57:20,Dreams,com.google.assistant.hubui,4
2026-09-30,android,22:57:24,Dreams,com.google.assistant.hubui,4
2026-09-30,android,22:57:35,Dreams,com.google.assistant.hubui,6
2026-09-30,android,22:57:39,Dreams,com.google.assistant.hubui,6
2026-09-30,android,22:57:52,Dreams,com.google.assistant.hubui,3
2026-09-30,android,22:57:56,Dreams,com.google.assistant.hubui,3
2026-09-30,android,22:58:06,Dreams,com.google.assistant.hubui,3
2026-09-30,android,22:58:10,Dreams,com.google.assistant.hubui,3
2026-09-30,android,22:58:19,Dreams,com.google.assistant.hubui,3
2026-09-30,android,22:58:23,Dreams,com.google.assistant.hubui,3
2026-09-30,android,22:58:33,Dreams,com.google.assistant.hubui,4
2026-09-30,android,22:58:37,Dreams,com.google.assistant.hubui,4
2026-09-30,android,22:58:48,Dreams,com.google.assistant.hubui,3
2026-09-30,android,22:58:52,Dreams,com.google.assistant.hubui,3
2026-09-30,android,22:59:02,Dreams,com.google.assistant.hubui,3
2026-09-30,android,22:59:06,Dreams,com.google.assistant.hubui,3
2026-09-30,android,22:59:14,Dreams,com.google.assistant.hubui,3
2026-09-30,android,22:59:18,Dreams,com.google.assistant.hubui,3
2026-09-30,android,22:59:27,Dreams,com.google.assistant.hubui,3
2026-09-30,android,22:59:31,Dreams,com.google.assistant.hubui,3
2026-09-30,android,22:59:40,Dreams,com.google.assistant.hubui,5
2026-09-30,android,22:59:44,Dreams,com.google.assistant.hubui,5
2026-09-30,android,22:59:56,Dreams,com.google.assistant.hubui,4
2026-09-30,android,23:00:00,Dreams,com.google.assistant.hubui,4
2026-09-30,android,23:00:10,Dreams,com.google.assistant.hubui,3
2026-09-30,android,23:00:14,Dreams,com.google.assistant.hubui,3
2026-09-30,android,23:00:25,Dreams,com.google.assistant.hubui,3
2026-09-30,android,23:00:29,Dreams,com.google.assistant.hubui,3
2026-09-30,android,23:00:39,Dreams,com.google.assistant.hubui,3
2026-09-30,android,23:00:43,Dreams,com.google.assistant.hubui,3
2026-09-30,android,23:01:06,Dreams,com.google.assistant.hubui,3
2026-09-30,android,23:01:10,Dreams,com.google.assistant.hubui,3
2026-09-30,android,23:01:19,Dreams,com.google.assistant.hubui,3
2026-09-30,android,23:01:23,Dreams,com.google.assistant.hubui,3
2026-09-30,android,23:01:33,Dreams,com.google.assistant.hubui,3
2026-09-30,android,23:01:37,Dreams,com.google.assistant.hubui,3
2026-09-30,android,23:01:46,Dreams,com.google.assistant.hubui,3
2026-09-30,android,23:01:50,Dreams,com.google.assistant.hubui,3
2026-09-30,android,23:01:59,Dreams,com.google.assistant.hubui,5
2026-09-30,android,23:02:03,Dreams,com.google.assistant.hubui,5
2026-09-30,android,23:02:15,Dreams,com.google.assistant.hubui,3
2026-09-30,android,23:02:19,Dreams,com.google.assistant.hubui,3
2026-09-30,android,23:02:29,Dreams,com.google.assistant.hubui,4
2026-09-30,android,23:02:33,Dreams,com.google.assistant.hubui,4
2026-09-30,android,23:02:44,Dreams,com.google.assistant.hubui,3
2026-09-30,android,23:02:48,Dreams,com.google.assistant.hubui,3
2026-09-30,android,23:02:59,Dreams,com.google.assistant.hubui,3
2026-09-30,android,23:03:03,Dreams,com.google.assistant.hubui,3
2026-09-30,android,23:03:13,Dreams,com.google.assistant.hubui,3
2026-09-30,android,23:03:17,Dreams,com.google.assistant.hubui,3
2026-09-30,android,23:03:27,Dreams,com.google.assistant.hubui,3
2026-09-30,android,23:03:31,Dreams,com.google.assistant.hubui,3
2026-09-30,android,23:03:40,Dreams,com.google.assistant.hubui,3
2026-09-30,android,23:03:44,Dreams,com.google.assistant.hubui,3
2026-09-30,android,23:03:54,Dreams,com.google.assistant.hubui,3
2026-09-30,android,23:03:58,Dreams,com.google.assistant.hubui,3
2026-09-30,android,23:04:08,Dreams,com.google.assistant.hubui,4
2026-09-30,android,23:04:12,Dreams,com.google.assistant.hubui,4
2026-09-30,android,23:04:22,Dreams,com.google.assistant.hubui,3
2026-09-30,android,23:04:26,Dreams,com.google.assistant.hubui,3
2026-09-30,android,23:04:37,Dreams,com.google.assistant.hubui,3
2026-09-30,android,23:04:41,Dreams,com.google.assistant.hubui,3
2026-09-30,android,23:04:50,Dreams,com.google.assistant.hubui,3
2026-09-30,android,23:04:54,Dreams,com.google.assistant.hubui,3
2026-09-30,android,23:05:04,Dreams,com.google.assistant.hubui,3
2026-09-30,android,23:05:08,Dreams,com.google.assistant.hubui,3
2026-09-30,android,23:05:18,Dreams,com.google.assistant.hubui,5
2026-09-30,android,23:05:22,Dreams,com.google.assistant.hubui,5
2026-09-30,android,23:05:35,Dreams,com.google.assistant.hubui,3
2026-09-30,android,23:05:38,Dreams,com.google.assistant.hubui,3
2026-09-30,android,23:05:49,Dreams,com.google.assistant.hubui,3
2026-09-30,android,23:05:52,Dreams,com.google.assistant.hubui,3
2026-09-30,android,23:06:03,Dreams,com.google.assistant.hubui,3
2026-09-30,android,23:06:06,Dreams,com.google.assistant.hubui,3
2026-09-30,android,23:06:17,Dreams,com.google.assistant.hubui,3
2026-09-30,android,23:06:20,Dreams,com.google.assistant.hubui,3
2026-09-30,android,23:06:30,Dreams,com.google.assistant.hubui,4
2026-09-30,android,23:06:33,Dreams,com.google.assistant.hubui,4
2026-09-30,android,23:06:45,Dreams,com.google.assistant.hubui,3
2026-09-30,android,23:06:48,Dreams,com.google.assistant.hubui,3
2026-09-30,android,23:06:59,Dreams,com.google.assistant.hubui,3
2026-09-30,android,23:07:02,Dreams,com.google.assistant.hubui,3
2026-09-30,android,23:07:14,Dreams,com.google.assistant.hubui,4
2026-09-30,android,23:07:17,Dreams,com.google.assistant.hubui,4
2026-09-30,android,23:07:29,Dreams,com.google.assistant.hubui,5
2026-09-30,android,23:07:32,Dreams,com.google.assistant.hubui,5
2026-09-30,android,23:07:45,Dreams,com.google.assistant.hubui,3
2026-09-30,android,23:07:48,Dreams,com.google.assistant.hubui,3
2026-09-30,android,23:07:58,Dreams,com.google.assistant.hubui,3
2026-09-30,android,23:08:01,Dreams,com.google.assistant.hubui,3
2026-09-30,android,23:08:11,Dreams,com.google.assistant.hubui,4
2026-09-30,android,23:08:14,Dreams,com.google.assistant.hubui,4
2026-09-30,android,23:08:26,Dreams,com.google.assistant.hubui,5
2026-09-30,android,23:08:29,Dreams,com.google.assistant.hubui,5
2026-09-30,android,23:08:42,Dreams,com.google.assistant.hubui,3
2026-09-30,android,23:08:45,Dreams,com.google.assistant.hubui,3
2026-09-30,android,23:08:55,Dreams,com.google.assistant.hubui,3
2026-09-30,android,23:08:58,Dreams,com.google.assistant.hubui,3
2026-09-30,android,23:09:09,Dreams,com.google.assistant.hubui,3
2026-09-30,android,23:09:12,Dreams,com.google.assistant.hubui,3
2026-09-30,android,23:09:22,Dreams,com.google.assistant.hubui,3
2026-09-30,android,23:09:25,Dreams,com.google.assistant.hubui,3
2026-09-30,android,23:09:36,Dreams,com.google.assistant.hubui,3
2026-09-30,android,23:09:39,Dreams,com.google.assistant.hubui,3
2026-09-30,android,23:09:49,Dreams,com.google.assistant.hubui,4
2026-09-30,android,23:09:52,Dreams,com.google.assistant.hubui,4
2026-09-30,android,23:10:04,Dreams,com.google.assistant.hubui,3
2026-09-30,android,23:10:07,Dreams,com.google.assistant.hubui,3
2026-09-30,android,23:10:30,Dreams,com.google.assistant.hubui,5
2026-09-30,android,23:10:33,Dreams,com.google.assistant.hubui,5
2026-09-30,android,23:10:59,Dreams,com.google.assistant.hubui,6
2026-09-30,android,23:11:02,Dreams,com.google.assistant.hubui,6
2026-09-30,android,23:11:16,Dreams,com.google.assistant.hubui,4
2026-09-30,android,23:11:19,Dreams,com.google.assistant.hubui,4
2026-09-30,android,23:11:29,Dreams,com.google.assistant.hubui,3
2026-09-30,android,23:11:32,Dreams,com.google.assistant.hubui,3
2026-09-30,android,23:11:43,Dreams,com.google.assistant.hubui,3
2026-09-30,android,23:11:46,Dreams,com.google.assistant.hubui,3
2026-09-30,android,23:11:56,Dreams,com.google.assistant.hubui,3
2026-09-30,android,23:11:59,Dreams,com.google.assistant.hubui,3
2026-09-30,android,23:12:24,Dreams,com.google.assistant.hubui,3
2026-09-30,android,23:12:27,Dreams,com.google.assistant.hubui,3
2026-09-30,android,23:12:38,Dreams,com.google.assistant.hubui,3
2026-09-30,android,23:12:41,Dreams,com.google.assistant.hubui,3
2026-09-30,android,23:12:52,Dreams,com.google.assistant.hubui,4
2026-09-30,android,23:12:55,Dreams,com.google.assistant.hubui,4
2026-09-30,android,23:13:06,Dreams,com.google.assistant.hubui,5
2026-09-30,android,23:13:09,Dreams,com.google.assistant.hubui,5
2026-09-30,android,23:13:22,Dreams,com.google.assistant.hubui,4
2026-09-30,android,23:13:25,Dreams,com.google.assistant.hubui,4
2026-09-30,android,23:13:37,Dreams,com.google.assistant.hubui,4
2026-09-30,android,23:13:40,Dreams,com.google.assistant.hubui,4
2026-09-30,android,23:13:52,Dreams,com.google.assistant.hubui,3
2026-09-30,android,23:13:55,Dreams,com.google.assistant.hubui,3
2026-09-30,android,23:14:05,Dreams,com.google.assistant.hubui,3
2026-09-30,android,23:14:08,Dreams,com.google.assistant.hubui,3
2026-09-30,android,23:14:19,Dreams,com.google.assistant.hubui,5
2026-09-30,android,23:14:22,Dreams,com.google.assistant.hubui,5
2026-09-30,android,23:14:35,Dreams,com.google.assistant.hubui,3
2026-09-30,android,23:14:38,Dreams,com.google.assistant.hubui,3
2026-09-30,android,23:14:49,Dreams,com.google.assistant.hubui,3
2026-09-30,android,23:14:52,Dreams,com.google.assistant.hubui,3
2026-09-30,android,23:15:04,Dreams,com.google.assistant.hubui,11
2026-09-30,android,23:15:07,Dreams,com.google.assistant.hubui,11
2026-09-30,android,23:15:26,Dreams,com.google.assistant.hubui,3
2026-09-30,android,23:15:29,Dreams,com.google.assistant.hubui,3
2026-09-30,android,23:15:39,Dreams,com.google.assistant.hubui,3
2026-09-30,android,23:15:42,Dreams,com.google.assistant.hubui,3
2026-09-30,android,23:15:53,Dreams,com.google.assistant.hubui,7
2026-09-30,android,23:15:56,Dreams,com.google.assistant.hubui,7
2026-09-30,android,23:16:10,Dreams,com.google.assistant.hubui,3
2026-09-30,android,23:16:13,Dreams,com.google.assistant.hubui,3
2026-09-30,android,23:16:23,Dreams,com.google.assistant.hubui,3
2026-09-30,android,23:16:26,Dreams,com.google.assistant.hubui,3
2026-09-30,android,23:16:36,Dreams,com.google.assistant.hubui,4
2026-09-30,android,23:16:39,Dreams,com.google.assistant.hubui,4
2026-09-30,android,23:16:51,Dreams,com.google.assistant.hubui,4
2026-09-30,android,23:16:54,Dreams,com.google.assistant.hubui,4
2026-09-30,android,23:17:05,Dreams,com.google.assistant.hubui,3
2026-09-30,android,23:17:08,Dreams,com.google.assistant.hubui,3
2026-09-30,android,23:17:19,Dreams,com.google.assistant.hubui,4
2026-09-30,android,23:17:22,Dreams,com.google.assistant.hubui,4
2026-09-30,android,23:17:34,Dreams,com.google.assistant.hubui,5
2026-09-30,android,23:17:37,Dreams,com.google.assistant.hubui,5
2026-09-30,android,23:17:50,Dreams,com.google.assistant.hubui,3
2026-09-30,android,23:17:53,Dreams,com.google.assistant.hubui,3
2026-09-30,android,23:18:04,Dreams,com.google.assistant.hubui,6
2026-09-30,android,23:18:07,Dreams,com.google.assistant.hubui,6
2026-09-30,android,23:18:21,Dreams,com.google.assistant.hubui,4
2026-09-30,android,23:18:24,Dreams,com.google.assistant.hubui,4
2026-09-30,android,23:18:35,Dreams,com.google.assistant.hubui,3
2026-09-30,android,23:18:38,Dreams,com.google.assistant.hubui,3
2026-09-30,android,23:18:49,Dreams,com.google.assistant.hubui,3
2026-09-30,android,23:18:52,Dreams,com.google.assistant.hubui,3
2026-09-30,android,23:19:03,Dreams,com.google.assistant.hubui,3
2026-09-30,android,23:19:06,Dreams,com.google.assistant.hubui,3
2026-09-30,android,23:19:16,Dreams,com.google.assistant.hubui,7
2026-09-30,android,23:19:19,Dreams,com.google.assistant.hubui,7
2026-09-30,android,23:19:34,Dreams,com.google.assistant.hubui,9
2026-09-30,android,23:19:37,Dreams,com.google.assistant.hubui,9
2026-09-30,android,23:19:54,Dreams,com.google.assistant.hubui,7
2026-09-30,android,23:19:57,Dreams,com.google.assistant.hubui,7
2026-09-30,android,23:20:13,Dreams,com.google.assistant.hubui,6
2026-09-30,android,23:20:16,Dreams,com.google.assistant.hubui,6
2026-09-30,android,23:20:30,Dreams,com.google.assistant.hubui,3
2026-09-30,android,23:20:33,Dreams,com.google.assistant.hubui,3
2026-09-30,android,23:20:44,Dreams,com.google.assistant.hubui,3
2026-09-30,android,23:20:47,Dreams,com.google.assistant.hubui,3
2026-09-30,android,23:20:58,Dreams,com.google.assistant.hubui,3
2026-09-30,android,23:21:01,Dreams,com.google.assistant.hubui,3
2026-09-30,android,23:21:12,Dreams,com.google.assistant.hubui,3
2026-09-30,android,23:21:15,Dreams,com.google.assistant.hubui,3
2026-09-30,android,23:21:26,Dreams,com.google.assistant.hubui,4
2026-09-30,android,23:21:29,Dreams,com.google.assistant.hubui,4
2026-09-30,android,23:21:41,Dreams,com.google.assistant.hubui,3
2026-09-30,android,23:21:44,Dreams,com.google.assistant.hubui,3
2026-09-30,android,23:21:54,Dreams,com.google.assistant.hubui,4
2026-09-30,android,23:21:57,Dreams,com.google.assistant.hubui,4
2026-09-30,android,23:22:09,Dreams,com.google.assistant.hubui,3
2026-09-30,android,23:22:12,Dreams,com.google.assistant.hubui,3
2026-09-30,android,23:22:23,Dreams,com.google.assistant.hubui,3
2026-09-30,android,23:22:26,Dreams,com.google.assistant.hubui,3
2026-09-30,android,23:22:35,Dreams,com.google.assistant.hubui,9
2026-09-30,android,23:22:38,Dreams,com.google.assistant.hubui,9
2026-09-30,android,23:22:55,Dreams,com.google.assistant.hubui,3
2026-09-30,android,23:22:58,Dreams,com.google.assistant.hubui,3
2026-10-01,android,07:00:50,Dreams,com.google.assistant.hubui,15196
2026-10-01,android,07:00:53,Dreams,com.google.assistant.hubui,15196
2026-10-01,android,14:53:37,Dreams,com.google.assistant.hubui,4
2026-10-01,android,14:53:40,Dreams,com.google.assistant.hubui,4
2026-10-05,android,10:09:37,Telegram,org.telegram.messenger,5
2026-10-05,android,10:09:40,Telegram,org.telegram.messenger,5
2026-10-05,android,23:21:14,Settings,com.android.settings,3
2026-10-05,android,23:21:17,Settings,com.android.settings,3
2026-10-05,android,23:21:56,Dreams,com.google.assistant.hubui,5
2026-10-05,android,23:21:59,Dreams,com.google.assistant.hubui,5
2026-10-05,android,23:28:49,Permission controller,com.google.android.permissioncontroller,10
2026-10-05,android,23:28:52,Permission controller,com.google.android.permissioncontroller,10
2026-10-05,android,23:36:03,Permission controller,com.google.android.permissioncontroller,4
2026-10-05,android,23:36:06,Permission controller,com.google.android.permissioncontroller,4
2026-10-05,android,23:36:07,Windtunnel Audio,dev.windtunnel.audio,26
2026-10-05,android,23:36:10,Windtunnel Audio,dev.windtunnel.audio,26
2026-10-05,android,23:37:04,Settings,com.android.settings,9
2026-10-05,android,23:37:07,Settings,com.android.settings,9
2026-10-05,android,23:37:37,Windtunnel Audio,dev.windtunnel.audio,393
2026-10-05,android,23:37:40,Windtunnel Audio,dev.windtunnel.audio,393
2026-10-05,android,23:44:19,Windtunnel Audio,dev.windtunnel.audio,17
2026-10-05,android,23:44:22,Windtunnel Audio,dev.windtunnel.audio,17
2026-10-05,android,23:44:37,Windtunnel Audio,dev.windtunnel.audio,3
2026-10-05,android,23:44:40,Windtunnel Audio,dev.windtunnel.audio,3
2026-10-05,android,23:44:43,Windtunnel Audio,dev.windtunnel.audio,100
2026-10-05,android,23:44:46,Windtunnel Audio,dev.windtunnel.audio,100
2026-10-05,android,23:46:31,Windtunnel Audio,dev.windtunnel.audio,263
2026-10-05,android,23:46:34,Windtunnel Audio,dev.windtunnel.audio,263
2026-10-05,android,23:50:58,Windtunnel Audio,dev.windtunnel.audio,4
2026-10-05,android,23:51:01,Windtunnel Audio,dev.windtunnel.audio,4
2026-10-05,android,23:51:05,Windtunnel Audio,dev.windtunnel.audio,156
2026-10-05,android,23:51:08,Windtunnel Audio,dev.windtunnel.audio,156
2026-10-05,android,23:53:47,Windtunnel Audio,dev.windtunnel.audio,44
2026-10-05,android,23:53:50,Windtunnel Audio,dev.windtunnel.audio,44
2026-10-06,android,13:36:46,Windtunnel Audio,dev.windtunnel.audio,29
2026-10-06,android,13:36:49,Windtunnel Audio,dev.windtunnel.audio,29
2026-10-06,android,13:49:55,Windtunnel Audio,dev.windtunnel.audio,24
2026-10-06,android,13:49:58,Windtunnel Audio,dev.windtunnel.audio,24
2026-10-06,android,13:50:32,Windtunnel Audio,dev.windtunnel.audio,153
2026-10-06,android,13:50:35,Windtunnel Audio,dev.windtunnel.audio,153
2026-10-06,android,13:53:15,Windtunnel Audio,dev.windtunnel.audio,148
2026-10-06,android,13:53:18,Windtunnel Audio,dev.windtunnel.audio,148
2026-10-06,android,13:55:44,Dreams,com.google.assistant.hubui,5
2026-10-06,android,13:55:47,Dreams,com.google.assistant.hubui,5
2026-10-06,android,13:58:04,Windtunnel Audio,dev.windtunnel.audio,319
2026-10-06,android,13:58:06,Windtunnel Audio,dev.windtunnel.audio,319
2026-10-06,android,14:03:25,Windtunnel Audio,dev.windtunnel.audio,249
2026-10-06,android,14:03:28,Windtunnel Audio,dev.windtunnel.audio,249
2026-10-06,android,14:07:35,Dreams,com.google.assistant.hubui,5
2026-10-06,android,14:07:38,Dreams,com.google.assistant.hubui,5
2026-10-06,android,14:11:26,Windtunnel Audio,dev.windtunnel.audio,290
2026-10-06,android,14:11:28,Windtunnel Audio,dev.windtunnel.audio,290
2026-10-07,android,00:04:28,YouTube,com.google.android.youtube,9
2026-10-07,android,00:04:30,YouTube,com.google.android.youtube,9
2026-10-07,android,00:04:40,YouTube,com.google.android.youtube,7
2026-10-07,android,00:04:43,YouTube,com.google.android.youtube,7
2026-10-07,android,00:04:49,Google,com.google.android.googlequicksearchbox,33
2026-10-07,android,00:04:52,Google,com.google.android.googlequicksearchbox,33
2026-10-07,android,00:05:25,Happ,com.happproxy,6
2026-10-07,android,00:05:28,Happ,com.happproxy,6
2026-10-07,android,00:05:33,YouTube,com.google.android.youtube,14
2026-10-07,android,00:05:36,YouTube,com.google.android.youtube,14
2026-10-07,android,00:05:58,YouTube,com.google.android.youtube,48
2026-10-07,android,00:06:01,YouTube,com.google.android.youtube,48
2026-10-07,android,00:09:04,YouTube,com.google.android.youtube,172
2026-10-07,android,00:09:07,YouTube,com.google.android.youtube,172
2026-10-07,android,00:11:57,Android System Intelligence,com.google.android.as,6
2026-10-07,android,00:12:00,Android System Intelligence,com.google.android.as,6
2026-10-07,android,00:12:13,YouTube,com.google.android.youtube,5
2026-10-07,android,00:12:16,YouTube,com.google.android.youtube,5
2026-10-07,android,00:12:52,YouTube,com.google.android.youtube,849
2026-10-07,android,00:12:54,YouTube,com.google.android.youtube,849
2026-10-07,android,01:20:13,YouTube,com.google.android.youtube,30
2026-10-07,android,01:20:15,YouTube,com.google.android.youtube,30
2026-10-08,android,01:13:16,Google Play services,com.google.android.gms,4
2026-10-08,android,01:13:19,Google Play services,com.google.android.gms,4
2026-10-08,android,01:13:21,YouTube,com.google.android.youtube,5
2026-10-08,android,01:13:24,YouTube,com.google.android.youtube,5
2026-10-08,android,01:15:32,YouTube,com.google.android.youtube,20
2026-10-08,android,01:15:35,YouTube,com.google.android.youtube,20
2026-10-08,android,01:16:42,YouTube,com.google.android.youtube,4
2026-10-08,android,01:16:45,YouTube,com.google.android.youtube,4
2026-10-08,android,01:17:15,YouTube,com.google.android.youtube,7
2026-10-08,android,01:17:18,YouTube,com.google.android.youtube,7
2026-10-08,android,01:17:34,YouTube,com.google.android.youtube,9
2026-10-08,android,01:17:37,YouTube,com.google.android.youtube,9
2026-10-08,android,01:17:57,YouTube,com.google.android.youtube,626
2026-10-08,android,01:18:00,YouTube,com.google.android.youtube,626
2026-10-08,android,02:00:06,YouTube,com.google.android.youtube,46
2026-10-08,android,02:00:09,YouTube,com.google.android.youtube,46
2026-10-09,android,03:37:30,Settings,com.android.settings,12
2026-10-09,android,03:37:33,Settings,com.android.settings,12
2026-10-09,android,03:37:56,YouTube,com.google.android.youtube,243
2026-10-09,android,03:37:59,YouTube,com.google.android.youtube,243
2026-10-09,android,17:01:15,Dreams,com.google.assistant.hubui,5
2026-10-09,android,17:39:29,Dreams,com.google.assistant.hubui,5
2026-10-09,android,17:39:33,Dreams,com.google.assistant.hubui,5
2026-10-09,android,17:40:07,Google,com.google.android.googlequicksearchbox,23
2026-10-09,android,17:40:11,Google,com.google.android.googlequicksearchbox,23
2026-10-09,android,17:40:31,ETL Водитель,space.tishkin.etl.driver.debug,7
2026-10-09,android,17:40:35,ETL Водитель,space.tishkin.etl.driver.debug,7
2026-10-09,android,17:40:41,Telegram,org.telegram.messenger,23
2026-10-09,android,17:40:44,Telegram,org.telegram.messenger,23
2026-10-09,android,17:41:04,ETL Водитель,space.tishkin.etl.driver.debug,6
2026-10-09,android,17:41:08,ETL Водитель,space.tishkin.etl.driver.debug,6
2026-10-09,android,17:41:14,Telegram,org.telegram.messenger,4
2026-10-09,android,17:41:18,Telegram,org.telegram.messenger,4
2026-10-09,android,17:41:59,ETL Водитель,space.tishkin.etl.driver.debug,4
2026-10-09,android,17:42:02,ETL Водитель,space.tishkin.etl.driver.debug,4
2026-10-09,android,17:42:28,Telegram,org.telegram.messenger,4
2026-10-09,android,17:42:32,Telegram,org.telegram.messenger,4
2026-10-09,android,17:42:34,ETL Водитель,space.tishkin.etl.driver.debug,93
2026-10-09,android,17:42:37,ETL Водитель,space.tishkin.etl.driver.debug,93
2026-10-09,android,17:44:08,Dreams,com.google.assistant.hubui,5
2026-10-09,android,17:44:11,Dreams,com.google.assistant.hubui,5
2026-10-09,android,17:44:51,ETL Водитель,space.tishkin.etl.driver.debug,95
2026-10-09,android,17:44:54,ETL Водитель,space.tishkin.etl.driver.debug,95
2026-10-09,android,17:46:31,Files,com.google.android.documentsui,3
2026-10-09,android,17:46:34,Files,com.google.android.documentsui,3
2026-10-09,android,17:46:34,ETL Водитель,space.tishkin.etl.driver.debug,32
2026-10-09,android,17:46:37,ETL Водитель,space.tishkin.etl.driver.debug,32
2026-10-09,android,17:49:05,ETL Водитель,space.tishkin.etl.driver.debug,1416
2026-10-09,android,17:49:09,ETL Водитель,space.tishkin.etl.driver.debug,1416
2026-10-09,android,19:38:58,Dreams,com.google.assistant.hubui,1128
2026-10-09,android,19:39:01,Dreams,com.google.assistant.hubui,1128
2026-10-09,android,19:57:54,ETL Водитель,space.tishkin.etl.driver.debug,50
2026-10-09,android,19:57:57,ETL Водитель,space.tishkin.etl.driver.debug,50
2026-10-09,android,19:58:44,Dreams,com.google.assistant.hubui,5
2026-10-09,android,19:58:48,Dreams,com.google.assistant.hubui,5
2026-10-09,android,19:59:07,ETL Водитель,space.tishkin.etl.driver.debug,86
2026-10-09,android,19:59:11,ETL Водитель,space.tishkin.etl.driver.debug,86
2026-10-09,android,20:00:33,Dreams,com.google.assistant.hubui,5
2026-10-09,android,20:00:37,Dreams,com.google.assistant.hubui,5
2026-10-09,android,20:06:16,ETL Водитель,space.tishkin.etl.driver.debug,6
2026-10-09,android,20:06:19,ETL Водитель,space.tishkin.etl.driver.debug,6
2026-10-09,android,20:06:24,ETL Водитель,space.tishkin.etl.driver.debug,77
2026-10-09,android,20:06:27,ETL Водитель,space.tishkin.etl.driver.debug,77
2026-10-09,android,20:07:41,Dreams,com.google.assistant.hubui,5
2026-10-09,android,20:07:45,Dreams,com.google.assistant.hubui,5
2026-10-09,android,20:09:09,ETL Водитель,space.tishkin.etl.driver.debug,29
2026-10-09,android,20:09:12,ETL Водитель,space.tishkin.etl.driver.debug,29
2026-10-09,android,20:09:39,Dreams,com.google.assistant.hubui,5
2026-10-09,android,20:09:42,Dreams,com.google.assistant.hubui,5
2026-10-09,android,21:54:52,ETL Водитель,space.tishkin.etl.driver.debug,5
2026-10-09,android,21:54:55,ETL Водитель,space.tishkin.etl.driver.debug,5
2026-10-09,android,21:55:03,YouTube,com.google.android.youtube,1559
2026-10-09,android,21:55:07,YouTube,com.google.android.youtube,1559
2026-10-10,android,21:21:09,ETL Водитель,space.tishkin.etl.driver.debug,799
2026-10-10,android,21:21:12,ETL Водитель,space.tishkin.etl.driver.debug,799
2026-10-10,android,21:34:28,Dreams,com.google.assistant.hubui,3
2026-10-10,android,21:34:32,Dreams,com.google.assistant.hubui,3
2026-10-10,android,21:34:45,Dreams,com.google.assistant.hubui,3
2026-10-10,android,21:34:48,Dreams,com.google.assistant.hubui,3
2026-10-10,android,21:39:56,Dreams,com.google.assistant.hubui,17
2026-10-10,android,21:40:00,Dreams,com.google.assistant.hubui,17
2026-10-10,android,21:45:02,ETL Водитель,space.tishkin.etl.driver.debug,110
2026-10-10,android,21:45:05,ETL Водитель,space.tishkin.etl.driver.debug,110
2026-10-10,android,21:50:03,ETL Водитель,space.tishkin.etl.driver.debug,33
2026-10-10,android,21:50:06,ETL Водитель,space.tishkin.etl.driver.debug,33
2026-10-10,android,21:57:34,ETL Водитель,space.tishkin.etl.driver.debug,25
2026-10-10,android,21:57:38,ETL Водитель,space.tishkin.etl.driver.debug,25
2026-10-10,android,21:58:06,ETL Водитель,space.tishkin.etl.driver.debug,34
2026-10-10,android,21:58:10,ETL Водитель,space.tishkin.etl.driver.debug,34
2026-10-10,android,21:58:45,ETL Водитель,space.tishkin.etl.driver.debug,3
2026-10-10,android,21:58:48,ETL Водитель,space.tishkin.etl.driver.debug,3
2026-10-10,android,21:59:03,Markup,com.google.android.markup,4
2026-10-10,android,21:59:06,Markup,com.google.android.markup,4
2026-10-10,android,21:59:07,IntentResolver,com.android.intentresolver,4
2026-10-10,android,21:59:11,IntentResolver,com.android.intentresolver,4
2026-10-10,android,21:59:12,Telegram,org.telegram.messenger,32
2026-10-10,android,21:59:15,Telegram,org.telegram.messenger,32
2026-10-10,android,22:02:34,Google,com.google.android.googlequicksearchbox,3
2026-10-10,android,22:02:37,Google,com.google.android.googlequicksearchbox,3
2026-10-10,android,22:02:37,Settings,com.android.settings,6
2026-10-10,android,22:02:41,Settings,com.android.settings,6
2026-10-10,android,22:12:25,ETL Водитель,space.tishkin.etl.driver.debug,131
2026-10-10,android,22:12:28,ETL Водитель,space.tishkin.etl.driver.debug,131
2026-10-10,android,22:17:04,ETL Водитель,space.tishkin.etl.driver.debug,84
2026-10-10,android,22:17:08,ETL Водитель,space.tishkin.etl.driver.debug,84
2026-10-10,android,22:24:23,Dreams,com.google.assistant.hubui,377
2026-10-10,android,22:24:27,Dreams,com.google.assistant.hubui,377
2026-10-10,android,22:30:51,Dreams,com.google.assistant.hubui,180
2026-10-10,android,22:30:54,Dreams,com.google.assistant.hubui,180
2026-10-10,android,22:36:45,ETL Водитель,space.tishkin.etl.driver.debug,148
2026-10-10,android,22:36:49,ETL Водитель,space.tishkin.etl.driver.debug,148
2026-10-10,android,22:39:25,Dreams,com.google.assistant.hubui,37
2026-10-10,android,22:39:28,Dreams,com.google.assistant.hubui,37
2026-10-10,android,22:43:32,Dreams,com.google.assistant.hubui,11
2026-10-10,android,22:43:35,Dreams,com.google.assistant.hubui,11
2026-10-10,android,22:56:29,Chrome,com.android.chrome,37
2026-10-10,android,22:57:24,Chrome,com.android.chrome,208
