slug,title,category,illness,expires,warn_days,file,updated
aviabilet-groznyi-moskva-ut-400-19-10-2026,Авиабилет Грозный — Москва UT 400 (19.10.2026),путешествия,,2026-10-19,,aviabilet-groznyi-moskva-ut-400-19-10-2026.pdf,2026-09-29
aviabilet-moskva-denpasar-su296-su297,Авиабилет Москва — Денпасар (SU296/SU297),путешествия,,2026-09-27,,aviabilet-moskva-denpasar-su296-su297.pdf,2026-09-16
aviabilet-moskva-groznyi-su-1498-15-10-2026,Авиабилет Москва — Грозный SU 1498 (15.10.2026),путешествия,,2026-10-15,,aviabilet-moskva-groznyi-su-1498-15-10-2026.pdf,2026-09-29
bilet-bali-safari-park-24-09-2026,"Билет Bali Safari Park, 24.09.2026",путешествия,,2026-09-24,0,bilet-bali-safari-park-24-09-2026.pdf,2026-09-24
bron-otelya-bintang-kuta-bali-18-23-09-2026,"Бронь отеля Bintang Kuta, Бали 18–23.09.2026",путешествия,,2026-09-23,3,bron-otelya-bintang-kuta-bali-18-23-09-2026.pdf,2026-09-16
bron-otelya-grand-ixora-kuta-resort-bali-23-27-09-2026,"Бронь отеля Grand Ixora Kuta Resort, Бали 23–27.09.2026",путешествия,,2026-09-27,,bron-otelya-grand-ixora-kuta-resort-bali-23-27-09-2026.pdf,2026-09-23
card-cifra,Карта Cifra,финансы,,2034-05-31,60,,2026-09-29
dema-plecho-rekomendacii-2026-08-26,ДЭМА — рекомендации по плечу (капсулит),медицина,Адгезивный капсулит плеча (M75.0),,,dema-plecho-rekomendacii-2026-08-26.jpg,2026-08-26
derunov-nedostupnost,Дерунов — недоступен для труб,,,,,derunov-nedostupnost.jpg,2026-09-13
domen-asap-dev-space,Домен asap-dev.space,прочее,,2027-08-07,30,,2026-09-15
domen-reakt-space,Домен reakt.space,прочее,,2027-09-12,30,,2026-09-15
domen-tishkin-space,Домен tishkin.space,прочее,,2027-08-25,30,,2026-09-15
karta-pribytiya-all-indonesia,Карта прибытия All Indonesia,путешествия,,2026-09-18,3,karta-pribytiya-all-indonesia.png,2026-09-16
karta-pribytiya-all-indonesia-pdf-dlya-pechati,Карта прибытия All Indonesia — PDF для печати,путешествия,,2026-09-18,,karta-pribytiya-all-indonesia-pdf-dlya-pechati.pdf,2026-09-16
karta-pribytiya-all-indonesia-pdf-s-dannymi-poezdki,Карта прибытия All Indonesia (PDF с данными поездки),путешествия,,2026-09-18,,karta-pribytiya-all-indonesia-pdf-s-dannymi-poezdki.pdf,2026-09-16
pasport-parashyutnoi-sistemy,Паспорт парашютной системы (Vector 3),прочее,,,,pasport-parashyutnoi-sistemy.jpg,2026-10-01
passport-rf,Паспорт РФ,личные,,2036-05-12,90,passport-rf.jpg,2026-08-26
plecho-domashnyaya-mobilizaciya-pri-kapsulite,Плечо: домашняя мобилизация при капсулите,медицина,Адгезивный капсулит плеча (M75.0),,,,2026-09-09
posadochnyi-talon-su-296-moskva-denpasar-eduard-tishkin-17-0,Посадочный талон SU 296 Москва — Денпасар — Eduard Tishkin (17.09.2026),путешествия,,2026-09-18,0,posadochnyi-talon-su-296-moskva-denpasar-eduard-tishkin-17-0.pdf,2026-09-16
posadochnyi-talon-su-297-denpasar-moskva-eduard-tishkin-27-0,Посадочный талон SU 297 Денпасар — Москва — Eduard Tishkin (27.09.2026),путешествия,,2026-09-28,0,posadochnyi-talon-su-297-denpasar-moskva-eduard-tishkin-27-0.pdf,2026-09-26
snils,СНИЛС,личные,,,,snils.jpg,2026-08-26
udostoverenie-parashyutista-fai,Удостоверение парашютиста FAI / ФПСР (категория C),личные,,,,udostoverenie-parashyutista-fai.pdf,2026-10-01
viza-b1-indoneziya,Виза B1 (e-VOA) Индонезия,визы,,2026-12-12,30,viza-b1-indoneziya.pdf,2026-09-16
zagranpasport,Загранпаспорт,личные,,2034-04-26,90,zagranpasport.jpg,2026-08-26
zagranpasport-alt,Загранпаспорт (доп. фото),личные,,2034-04-26,90,zagranpasport-alt.jpg,2026-09-14
