exercise,muscles,alias_of
вертикальная тяга,"upper-back,biceps,back-deltoids,trapezius",
жим ногами,"quadriceps,gluteal,hamstring",
жим ногами горизонтальный в блочном тренажере,"quadriceps,gluteal,hamstring,adductor",
жим ногами горизонтальный сидя в блочном тренажере,"quadriceps,gluteal,hamstring,adductor",
маятниковый присед,"quadriceps,hamstring,gluteal",
обратный присед с упором,"quadriceps,gluteal,hamstring,adductor",
отведение бедра сидя в блочном тренажере,"gluteal,hamstring",
отведение плеча в блочном тренажёре,"front-deltoids,back-deltoids,trapezius",
подъём штанги на бицепс,"biceps,forearm",
разгибание ног,quadriceps,
разгибания спины в блочном тренажере,"upper-back,trapezius",
сгибания голени с упором,hamstring,
трицепс в блочном тренажере,triceps,
тяга верхнего блока на трицепс,triceps,
тяга горизонтального блока к животу,"upper-back,biceps,trapezius,back-deltoids",
тяга к животу на горизонтальном блоке,,тяга горизонтального блока к животу
экстензия на наклонной скамье (акцент на ягодицы),"gluteal,hamstring",
ягодичный мост в рычажном тренажере,"gluteal,hamstring",
