date,account,amount,rate_rub
2023-02-27,alfa,0,
2023-02-27,cash-usd,6600,75.29
2023-02-27,ff,59396,
2023-02-27,mts,0,
2023-02-27,raif,1.95375e+06,
2023-02-27,t-bank-debit,600983,
2023-02-27,t-bank-kreditka,-127113,
2023-02-27,t-bank-nakopitelnyi,0,
2023-02-27,tinkoff-broker,5.91531e+06,
2024-01-14,alfa,374850,
2024-01-14,cash-rub,45000,
2024-01-14,cash-usd,6600,88.41
2024-01-14,ff,59396,
2024-01-14,mts,0,
2024-01-14,raif,0,
2024-01-14,t-bank-debit,475583,
2024-01-14,t-bank-kreditka,-197776,
2024-01-14,t-bank-nakopitelnyi,3.49289e+06,
2024-01-14,tinkoff-broker,7.72093e+06,
2024-01-30,alfa,3.3392e+06,
2024-01-30,cash-rub,45000,
2024-01-30,cash-usd,6600,89.72
2024-01-30,ff,18731,
2024-01-30,mts,127881,
2024-01-30,raif,0,
2024-01-30,t-bank-debit,86686,
2024-01-30,t-bank-kreditka,-246218,
2024-01-30,t-bank-nakopitelnyi,3.90399e+06,
2024-01-30,tinkoff-broker,7.95278e+06,
2024-02-10,alfa,293340,
2024-02-10,cash-rub,45000,
2024-02-10,cash-usd,6600,90.9
2024-02-10,ff,18731,
2024-02-10,mts,0,
2024-02-10,raif,0,
2024-02-10,t-bank-debit,238862,
2024-02-10,t-bank-kreditka,-61316,
2024-02-10,t-bank-nakopitelnyi,4.00244e+06,
2024-02-10,tinkoff-broker,8.09264e+06,
2024-02-24,alfa,5.53509e+06,
2024-02-24,cash-rub,45000,
2024-02-24,cash-usd,6600,92.85
2024-02-24,ff,18731,
2024-02-24,mts,0,
2024-02-24,raif,0,
2024-02-24,t-bank-debit,302624,
2024-02-24,t-bank-kreditka,-75260,
2024-02-24,t-bank-nakopitelnyi,1.97427e+06,
2024-02-24,tinkoff-broker,8.22428e+06,
2024-02-29,alfa,5.56026e+06,
2024-02-29,cash-rub,45000,
2024-02-29,cash-usd,6600,91.15
2024-02-29,ff,18731,
2024-02-29,mts,852106,
2024-02-29,raif,0,
2024-02-29,t-bank-debit,300185,
2024-02-29,t-bank-kreditka,-165728,
2024-02-29,t-bank-nakopitelnyi,1.97427e+06,
2024-02-29,tinkoff-broker,9.18309e+06,
2024-03-10,alfa,6.38022e+06,
2024-03-10,cash-rub,45000,
2024-03-10,cash-usd,6600,90.6
2024-03-10,ff,18731,
2024-03-10,mts,1.67944e+06,
2024-03-10,raif,0,
2024-03-10,t-bank-debit,208952,
2024-03-10,t-bank-kreditka,-12576,
2024-03-10,t-bank-nakopitelnyi,474272,
2024-03-10,tinkoff-broker,8.93878e+06,
2024-03-12,alfa,6.38022e+06,
2024-03-12,cash-rub,45000,
2024-03-12,cash-usd,6600,91.78
2024-03-12,ff,18731,
2024-03-12,mts,1.67944e+06,
2024-03-12,raif,0,
2024-03-12,t-bank-debit,208952,
2024-03-12,t-bank-kreditka,-12576,
2024-03-12,t-bank-nakopitelnyi,474272,
2024-03-12,tinkoff-broker,9.28951e+06,
2024-03-26,alfa,6.37054e+06,
2024-03-26,cash-rub,45000,
2024-03-26,cash-usd,6600,92.78
2024-03-26,ff,18731,
2024-03-26,mts,2.35701e+06,
2024-03-26,raif,0,
2024-03-26,t-bank-debit,191451,
2024-03-26,t-bank-kreditka,-229,
2024-03-26,t-bank-nakopitelnyi,3278,
2024-03-26,tinkoff-broker,9.12389e+06,
2024-03-31,alfa,6.44882e+06,
2024-03-31,cash-rub,45000,
2024-03-31,cash-usd,6600,92.48
2024-03-31,ff,18731,
2024-03-31,mts,2.38388e+06,
2024-03-31,raif,0,
2024-03-31,t-bank-debit,191290,
2024-03-31,t-bank-kreditka,-229,
2024-03-31,t-bank-nakopitelnyi,3278,
2024-03-31,tinkoff-broker,9.12509e+06,
2024-04-16,alfa,6.44296e+06,
2024-04-16,cash-rub,10000,
2024-04-16,cash-usd,6600,94.42
2024-04-16,ff,0,
2024-04-16,mts,2.59483e+06,
2024-04-16,raif,0,
2024-04-16,t-bank-debit,193596,
2024-04-16,t-bank-kreditka,-12350,
2024-04-16,t-bank-nakopitelnyi,3278,
2024-04-16,tinkoff-broker,9.07877e+06,
2024-04-30,alfa,6.46498e+06,
2024-04-30,cash-rub,10000,
2024-04-30,cash-usd,6600,93.34
2024-04-30,ff,0,
2024-04-30,mts,2.8281e+06,
2024-04-30,raif,0,
2024-04-30,t-bank-debit,154111,
2024-04-30,t-bank-kreditka,0,
2024-04-30,t-bank-nakopitelnyi,0,
2024-04-30,tinkoff-broker,9.30637e+06,
2024-05-09,alfa,6.4462e+06,
2024-05-09,cash-rub,10000,
2024-05-09,cash-usd,6600,91.95
2024-05-09,ff,0,
2024-05-09,mts,3.02852e+06,
2024-05-09,raif,0,
2024-05-09,t-bank-debit,124113,
2024-05-09,t-bank-kreditka,-17722,
2024-05-09,t-bank-nakopitelnyi,0,
2024-05-09,tinkoff-broker,9.40676e+06,
2024-05-27,alfa,6.39028e+06,
2024-05-27,cash-rub,10000,
2024-05-27,cash-usd,6600,89.2
2024-05-27,ff,0,
2024-05-27,ff-usd,743,89.2
2024-05-27,mts,3.09658e+06,
2024-05-27,raif,0,
2024-05-27,t-bank-debit,51570,
2024-05-27,t-bank-kreditka,-8875,
2024-05-27,t-bank-nakopitelnyi,0,
2024-05-27,tinkoff-broker,9.06424e+06,
2024-05-31,alfa,6.4702e+06,
2024-05-31,cash-rub,10000,
2024-05-31,cash-usd,6600,90.1
2024-05-31,ff,84557,
2024-05-31,ff-usd,0,90.1
2024-05-31,mts,3.12246e+06,
2024-05-31,raif,0,
2024-05-31,t-bank-debit,50438,
2024-05-31,t-bank-kreditka,-8875,
2024-05-31,t-bank-nakopitelnyi,0,
2024-05-31,tinkoff-broker,8.96792e+06,
2024-06-12,alfa,6.46643e+06,
2024-06-12,cash-rub,10000,
2024-06-12,cash-usd,6600,89.1
2024-06-12,ff,84557,
2024-06-12,mts,3.99526e+06,
2024-06-12,raif,0,
2024-06-12,t-bank-debit,39020,
2024-06-12,t-bank-kreditka,-56230,
2024-06-12,t-bank-nakopitelnyi,0,
2024-06-12,tinkoff-broker,8.86839e+06,
2024-06-18,alfa,6.46643e+06,
2024-06-18,cash-rub,10000,
2024-06-18,cash-usd,6600,89.1
2024-06-18,ff,84557,
2024-06-18,mts,3.88187e+06,
2024-06-18,raif,0,
2024-06-18,t-bank-debit,31549,
2024-06-18,t-bank-kreditka,-56230,
2024-06-18,t-bank-nakopitelnyi,0,
2024-06-18,tinkoff-broker,9.07466e+06,
2024-06-30,alfa,6.4312e+06,
2024-06-30,cash-rub,90000,
2024-06-30,cash-usd,6600,89.1
2024-06-30,ff,84557,
2024-06-30,mts,3.67013e+06,
2024-06-30,raif,0,
2024-06-30,t-bank-debit,38023,
2024-06-30,t-bank-kreditka,-106,
2024-06-30,t-bank-nakopitelnyi,0,
2024-06-30,tinkoff-broker,8.89646e+06,
2024-07-09,alfa,6.43036e+06,
2024-07-09,cash-rub,215000,
2024-07-09,cash-usd,6600,89.1
2024-07-09,ff,84557,
2024-07-09,mts,3.65275e+06,
2024-07-09,raif,0,
2024-07-09,t-bank-debit,31847,
2024-07-09,t-bank-kreditka,-641,
2024-07-09,t-bank-nakopitelnyi,0,
2024-07-09,tinkoff-broker,9.16126e+06,
2024-08-09,alfa,6.43892e+06,
2024-08-09,cash-rub,670000,
2024-08-09,cash-usd,6300,89.1
2024-08-09,ff,65766,
2024-08-09,mts,3.52437e+06,
2024-08-09,raif,0,
2024-08-09,t-bank-debit,40986,
2024-08-09,t-bank-kreditka,-641,
2024-08-09,t-bank-nakopitelnyi,0,
2024-08-09,tinkoff-broker,8.4931e+06,
2024-08-31,alfa,6.31892e+06,
2024-08-31,cash-rub,425000,
2024-08-31,cash-usd,6300,89.1
2024-08-31,ff,56487,
2024-08-31,mts,3.34324e+06,
2024-08-31,raif,0,
2024-08-31,t-bank-debit,43353,
2024-08-31,t-bank-kreditka,-4791,
2024-08-31,t-bank-nakopitelnyi,0,
2024-08-31,tinkoff-broker,8.17314e+06,
2024-09-20,alfa,6.28277e+06,
2024-09-20,cash-rub,820000,
2024-09-20,cash-usd,6300,89.1
2024-09-20,ff,57037,
2024-09-20,mts,2.9855e+06,
2024-09-20,raif,0,
2024-09-20,t-bank-debit,49037,
2024-09-20,t-bank-kreditka,-31558,
2024-09-20,t-bank-nakopitelnyi,0,
2024-09-20,tinkoff-broker,8.8307e+06,
2024-10-30,alfa,6.23983e+06,
2024-10-30,cash-rub,530000,
2024-10-30,cash-usd,6300,89.1
2024-10-30,ff,57037,
2024-10-30,mts,2.75695e+06,
2024-10-30,raif,0,
2024-10-30,t-bank-debit,49037,
2024-10-30,t-bank-kreditka,-20893,
2024-10-30,t-bank-nakopitelnyi,0,
2024-10-30,tinkoff-broker,9.45244e+06,
2024-11-09,alfa,6.28715e+06,
2024-11-09,cash-rub,1.05e+06,
2024-11-09,cash-usd,6300,89.1
2024-11-09,ff,57037,
2024-11-09,mts,2.49814e+06,
2024-11-09,raif,0,
2024-11-09,t-bank-debit,230610,
2024-11-09,t-bank-kreditka,118,
2024-11-09,t-bank-nakopitelnyi,0,
2024-11-09,tinkoff-broker,9.55553e+06,
2025-01-15,alfa,6.43057e+06,
2025-01-15,cash-rub,1.5e+06,
2025-01-15,cash-usd,6300,103.44
2025-01-15,ff,57037,
2025-01-15,mts,2.1413e+06,
2025-01-15,raif,0,
2025-01-15,t-bank-debit,95108,
2025-01-15,t-bank-kreditka,0,
2025-01-15,t-bank-nakopitelnyi,0,
2025-01-15,tinkoff-broker,1.00693e+07,
2025-02-18,alfa,6.43057e+06,
2025-02-18,cash-rub,1.5e+06,
2025-02-18,cash-usd,6300,91
2025-02-18,ff,57037,
2025-02-18,mts,2.1413e+06,
2025-02-18,raif,0,
2025-02-18,t-bank-debit,95108,
2025-02-18,t-bank-kreditka,0,
2025-02-18,t-bank-nakopitelnyi,0,
2025-02-18,tinkoff-broker,1.07693e+07,
2025-03-08,alfa,6.7585e+06,
2025-03-08,cash-rub,1.94e+06,
2025-03-08,cash-usd,6300,89.13
2025-03-08,ff,57037,
2025-03-08,mts,2.16054e+06,
2025-03-08,raif,0,
2025-03-08,t-bank-debit,157436,
2025-03-08,t-bank-kreditka,-32796,
2025-03-08,t-bank-nakopitelnyi,0,
2025-03-08,tinkoff-broker,1.04388e+07,
2025-05-17,alfa,6.60366e+06,
2025-05-17,cash-rub,1.92e+06,
2025-05-17,cash-usd,6300,80.76
2025-05-17,ff,57037,
2025-05-17,mts,2.08516e+06,
2025-05-17,raif,0,
2025-05-17,t-bank-debit,1542,
2025-05-17,t-bank-kreditka,0,
2025-05-17,t-bank-nakopitelnyi,0,
2025-05-17,tinkoff-broker,9.24298e+06,
2025-07-03,alfa,7.04367e+06,
2025-07-03,cash-usd,6300,78.65
2025-07-03,ff,57037,
2025-07-03,mts,2.12462e+06,
2025-07-03,raif,0,
2025-07-03,t-bank-debit,65243,
2025-07-03,t-bank-kreditka,0,
2025-07-03,t-bank-nakopitelnyi,0,
2025-07-03,tinkoff-broker,9.46026e+06,
2025-07-23,alfa,6.89535e+06,
2025-07-23,cash-rub,2e+06,
2025-07-23,cash-usd,6300,78.09
2025-07-23,ff,57037,
2025-07-23,mts,2.15695e+06,
2025-07-23,raif,0,
2025-07-23,t-bank-debit,63502,
2025-07-23,t-bank-kreditka,0,
2025-07-23,t-bank-nakopitelnyi,0,
2025-07-23,tinkoff-broker,1.00275e+07,
2025-12-16,alfa,6.83735e+06,
2025-12-16,cash-rub,2.5e+06,
2025-12-16,cash-usd,0,80.7
2025-12-16,ff,57037,
2025-12-16,mts,2.29412e+06,
2025-12-16,raif,0,
2025-12-16,t-bank-debit,43502,
2025-12-16,t-bank-kreditka,0,
2025-12-16,t-bank-nakopitelnyi,0,
2025-12-16,tinkoff-broker,1.03879e+07,
2026-06-18,alfa,7.07018e+06,
2026-06-18,cash-rub,2.5e+06,
2026-06-18,cash-usd,2000,75.4
2026-06-18,ff,36000,
2026-06-18,mts,2.4417e+06,
2026-06-18,raif,0,
2026-06-18,t-bank-debit,6000,
2026-06-18,t-bank-kreditka,0,
2026-06-18,t-bank-nakopitelnyi,0,
2026-06-18,tinkoff-broker,9.55484e+06,
2026-08-04,alfa,7.47018e+06,
2026-08-04,cash-rub,1.8e+06,
2026-08-04,cash-usd,2000,80.07
2026-08-04,ff,36000,
2026-08-04,mts,2.4517e+06,
2026-08-04,raif,0,
2026-08-04,t-bank-debit,6500,
2026-08-04,t-bank-kreditka,0,
2026-08-04,t-bank-nakopitelnyi,0,
2026-08-04,tinkoff-broker,1.02189e+07,
