date,time,lat,lon,accuracy_m,speed_kmh,place
2026-09-29,10:39,55.57,38.23,100,,"Красный Октябрь, Московская область, Раменское"
2026-09-29,10:46,55.57,38.23,26,,
2026-09-29,10:49,55.57,38.23,18,,
2026-09-29,11:01,55.57,38.23,100,,
2026-09-29,11:16,55.57,38.23,100,,
2026-09-29,11:32,55.57,38.23,16,,
2026-09-29,11:47,55.57,38.23,100,,
2026-09-29,12:19,55.57,38.23,100,,
2026-09-29,12:34,55.57,38.23,17,,
2026-09-29,13:05,55.57,38.23,100,,
2026-09-29,13:20,55.57,38.23,100,,
2026-09-29,13:30,55.57,38.23,200,,
2026-09-29,13:37,55.57,38.23,48,,
2026-09-29,14:28,55.57,38.23,100,,
2026-09-29,16:13,55.57,38.23,16,,
2026-09-29,16:29,55.57,38.23,24,,
2026-09-29,17:37,55.57,38.23,19,,
2026-09-29,18:31,55.57,38.23,100,,
2026-09-29,18:53,55.57,38.23,21,,
2026-09-29,19:38,55.57,38.23,100,,
2026-09-29,20:45,55.57,38.23,100,,
2026-09-29,21:00,55.57,38.23,100,,
2026-09-29,21:10,55.57,38.23,100,,
2026-09-29,21:30,55.57,38.23,100,,
2026-09-29,21:45,55.57,38.23,100,,
2026-09-29,22:00,55.57,38.23,100,,
2026-09-29,22:30,55.57,38.23,15,,
2026-09-29,22:47,55.57,38.23,18,,
2026-09-29,23:50,55.57,38.23,100,,
2026-09-30,00:26,55.57,38.23,100,,
2026-09-30,01:50,55.57,38.23,100,,
2026-09-30,02:22,55.57,38.23,100,,
2026-09-30,05:48,55.57,38.23,100,,
2026-09-30,08:21,55.57,38.23,100,,
2026-09-30,09:32,55.57,38.23,16,,
2026-09-30,09:53,55.57,38.23,15,,
2026-09-30,10:53,55.57,38.23,100,,
2026-09-30,11:23,55.57,38.23,100,,
2026-09-30,11:53,55.57,38.23,100,,
2026-09-30,12:09,55.57,38.23,100,,
2026-09-30,12:41,55.57,38.23,100,,
2026-09-30,13:43,55.57,38.23,100,,
2026-09-30,14:15,55.57,38.23,100,,
2026-09-30,14:36,55.57,38.23,100,,
2026-09-30,15:07,55.57,38.23,100,,
2026-09-30,15:52,55.57,38.23,100,,
2026-09-30,21:52,55.57,38.23,100,,
2026-09-30,22:12,55.57,38.23,100,,
2026-09-30,22:37,55.57,38.23,100,,
2026-09-30,22:52,55.57,38.23,100,,
2026-09-30,23:07,55.57,38.23,100,,
2026-09-30,23:38,55.57,38.23,100,,
2026-09-30,23:53,55.57,38.23,100,,
2026-10-01,00:08,55.57,38.23,100,,
2026-10-01,00:23,55.57,38.23,100,,
2026-10-01,00:38,55.57,38.23,100,,
2026-10-01,00:53,55.57,38.23,100,,
2026-10-01,01:08,55.57,38.23,100,,
2026-10-01,01:23,55.57,38.23,100,,
2026-10-01,01:38,55.57,38.23,100,,
2026-10-01,01:53,55.57,38.23,100,,
2026-10-01,02:08,55.57,38.23,100,,
2026-10-01,02:23,55.57,38.23,100,,
2026-10-01,02:38,55.57,38.23,100,,
2026-10-01,02:53,55.57,38.23,100,,
2026-10-01,03:08,55.57,38.23,100,,
2026-10-01,03:23,55.57,38.23,100,,
2026-10-01,03:38,55.57,38.23,100,,
2026-10-01,03:53,55.57,38.23,100,,
2026-10-01,04:08,55.57,38.23,100,,
2026-10-01,04:23,55.57,38.23,100,,
2026-10-01,04:38,55.57,38.23,100,,
2026-10-01,04:53,55.57,38.23,100,,
2026-10-01,05:08,55.57,38.23,100,,
2026-10-01,05:24,55.57,38.23,100,,
2026-10-01,05:39,55.57,38.23,100,,
2026-10-01,05:54,55.57,38.23,100,,
2026-10-01,06:09,55.57,38.23,100,,
2026-10-01,06:24,55.57,38.23,100,,
2026-10-01,06:39,55.57,38.23,100,,
2026-10-01,06:54,55.57,38.23,100,,
2026-10-01,07:09,55.57,38.23,100,,
2026-10-01,07:24,55.57,38.23,100,,
2026-10-01,07:39,55.57,38.23,100,,
2026-10-01,07:54,55.57,38.23,100,,
2026-10-01,08:09,55.57,38.23,100,,
2026-10-01,08:24,55.57,38.23,100,,
2026-10-01,08:39,55.57,38.23,100,,
2026-10-01,08:54,55.57,38.23,100,,
2026-10-01,09:09,55.57,38.23,100,,
2026-10-01,09:24,55.57,38.23,100,,
2026-10-01,09:39,55.57,38.23,100,,
2026-10-01,09:54,55.57,38.23,100,,
2026-10-01,10:09,55.57,38.23,100,,
2026-10-01,10:24,55.57,38.23,100,,
2026-10-01,10:39,55.57,38.23,100,,
2026-10-01,10:54,55.57,38.23,100,,
2026-10-01,11:10,55.57,38.23,100,,
2026-10-01,11:25,55.57,38.23,100,,
2026-10-01,11:55,55.57,38.23,100,,
2026-10-01,12:10,55.57,38.23,100,,
2026-10-01,12:25,55.57,38.23,100,,
2026-10-01,12:40,55.57,38.23,100,,
2026-10-01,12:55,55.57,38.23,100,,
2026-10-01,13:10,55.57,38.23,100,,
2026-10-01,13:25,55.57,38.23,100,,
2026-10-01,13:40,55.57,38.23,100,,
2026-10-01,13:55,55.57,38.23,100,,
2026-10-01,14:10,55.57,38.23,100,,
2026-10-01,14:25,55.57,38.23,100,,
2026-10-01,14:40,55.57,38.23,100,,
2026-10-01,14:55,55.57,38.23,100,,
2026-10-01,15:10,55.57,38.23,100,,
2026-10-01,15:26,55.57,38.23,100,,
2026-10-01,15:41,55.57,38.23,100,,
2026-10-01,15:56,55.57,38.23,100,,
2026-10-01,16:11,55.57,38.23,100,,
2026-10-01,16:26,55.57,38.23,100,,
2026-10-01,16:41,55.57,38.23,100,,
2026-10-01,16:56,55.57,38.23,100,,
2026-10-01,17:11,55.57,38.23,100,,
2026-10-01,17:26,55.57,38.23,100,,
2026-10-01,17:41,55.57,38.23,100,,
2026-10-01,17:56,55.57,38.23,100,,
2026-10-01,18:11,55.57,38.23,100,,
2026-10-01,18:26,55.57,38.23,100,,
2026-10-01,18:41,55.57,38.23,100,,
2026-10-01,18:56,55.57,38.23,100,,
2026-10-01,19:11,55.57,38.23,100,,
2026-10-01,19:26,55.57,38.23,100,,
2026-10-01,19:41,55.57,38.23,100,,
2026-10-01,19:56,55.57,38.23,100,,
2026-10-01,20:11,55.57,38.23,100,,
2026-10-01,20:26,55.57,38.23,100,,
2026-10-01,20:42,55.57,38.23,100,,
2026-10-01,20:57,55.57,38.23,100,,
2026-10-01,21:12,55.57,38.23,100,,
2026-10-01,21:27,55.57,38.23,100,,
2026-10-01,21:42,55.57,38.23,100,,
2026-10-01,21:57,55.57,38.23,100,,
2026-10-01,22:12,55.57,38.23,100,,
2026-10-01,22:27,55.57,38.23,100,,
2026-10-01,22:42,55.57,38.23,100,,
2026-10-01,22:57,55.57,38.23,100,,
2026-10-01,23:12,55.57,38.23,100,,
2026-10-01,23:27,55.57,38.23,100,,
2026-10-01,23:42,55.57,38.23,100,,
2026-10-01,23:57,55.57,38.23,100,,
2026-10-02,00:12,55.57,38.23,100,,
2026-10-02,00:27,55.57,38.23,100,,
2026-10-02,00:42,55.57,38.23,100,,
2026-10-02,00:57,55.57,38.23,100,,
2026-10-02,01:12,55.57,38.23,100,,
2026-10-02,01:27,55.57,38.23,100,,
2026-10-02,01:42,55.57,38.23,100,,
2026-10-02,01:58,55.57,38.23,100,,
2026-10-02,02:13,55.57,38.23,100,,
2026-10-02,02:28,55.57,38.23,100,,
2026-10-02,02:43,55.57,38.23,100,,
2026-10-02,02:58,55.57,38.23,100,,
2026-10-02,03:13,55.57,38.23,100,,
2026-10-02,03:28,55.57,38.23,100,,
2026-10-02,03:43,55.57,38.23,100,,
2026-10-02,03:58,55.57,38.23,100,,
2026-10-02,04:13,55.57,38.23,100,,
2026-10-02,04:28,55.57,38.23,100,,
2026-10-02,04:43,55.57,38.23,100,,
2026-10-02,04:58,55.57,38.23,100,,
2026-10-02,05:13,55.57,38.23,100,,
2026-10-02,05:28,55.57,38.23,100,,
2026-10-02,05:43,55.57,38.23,100,,
2026-10-02,05:58,55.57,38.23,82,,
2026-10-02,06:13,55.57,38.23,100,,
2026-10-02,06:28,55.57,38.23,100,,
2026-10-02,06:43,55.57,38.23,100,,
2026-10-02,06:58,55.57,38.23,100,,
2026-10-02,07:13,55.57,38.23,100,,
2026-10-02,07:28,55.57,38.23,100,,
2026-10-02,07:43,55.57,38.23,100,,
2026-10-02,07:58,55.57,38.23,100,,
2026-10-02,08:13,55.57,38.23,100,,
2026-10-02,08:28,55.57,38.23,100,,
2026-10-02,08:43,55.57,38.23,100,,
2026-10-02,08:58,55.57,38.23,100,,
2026-10-02,09:13,55.57,38.23,100,,
2026-10-02,09:29,55.57,38.23,100,,
2026-10-02,09:44,55.57,38.23,100,,
2026-10-02,09:59,55.57,38.23,100,,
2026-10-02,10:14,55.57,38.23,100,,
2026-10-02,10:29,55.57,38.23,100,,
2026-10-02,10:44,55.57,38.23,100,,
2026-10-02,10:59,55.57,38.23,100,,
2026-10-02,11:14,55.57,38.23,100,,
2026-10-02,11:29,55.57,38.23,100,,
2026-10-02,11:44,55.57,38.23,100,,
2026-10-02,11:59,55.57,38.23,100,,
2026-10-02,12:14,55.57,38.23,100,,
2026-10-02,12:29,55.57,38.23,100,,
2026-10-02,12:44,55.57,38.23,100,,
2026-10-02,12:59,55.57,38.23,100,,
2026-10-02,13:14,55.57,38.23,100,,
2026-10-02,13:29,55.57,38.23,100,,
2026-10-02,13:44,55.57,38.23,100,,
2026-10-02,13:59,55.57,38.23,100,,
2026-10-02,14:14,55.57,38.23,100,,
2026-10-02,14:29,55.57,38.23,100,,
2026-10-02,14:44,55.57,38.23,100,,
2026-10-02,14:59,55.57,38.23,100,,
2026-10-02,15:14,55.57,38.23,100,,
2026-10-02,15:29,55.57,38.23,100,,
2026-10-02,15:44,55.57,38.23,100,,
2026-10-02,16:00,55.57,38.23,100,,
2026-10-02,16:15,55.57,38.23,100,,
2026-10-02,16:30,55.57,38.23,100,,
2026-10-02,16:45,55.57,38.23,100,,
2026-10-02,17:00,55.57,38.23,100,,
2026-10-02,17:15,55.57,38.23,100,,
2026-10-02,17:30,55.57,38.23,100,,
2026-10-02,17:45,55.57,38.23,100,,
2026-10-02,18:00,55.57,38.23,100,,
2026-10-02,18:15,55.57,38.23,100,,
2026-10-02,18:30,55.57,38.23,100,,
2026-10-02,18:45,55.57,38.23,100,,
2026-10-02,19:00,55.57,38.23,100,,
2026-10-02,19:15,55.57,38.23,100,,
2026-10-02,19:30,55.57,38.23,100,,
2026-10-02,19:45,55.57,38.23,100,,
2026-10-02,20:00,55.57,38.23,100,,
2026-10-02,20:15,55.57,38.23,100,,
2026-10-02,20:30,55.57,38.23,100,,
2026-10-02,20:45,55.57,38.23,100,,
2026-10-02,21:00,55.57,38.23,100,,
2026-10-02,21:15,55.57,38.23,100,,
2026-10-02,21:30,55.57,38.23,100,,
2026-10-02,21:45,55.57,38.23,100,,
2026-10-02,22:00,55.57,38.23,100,,
2026-10-02,22:15,55.57,38.23,100,,
2026-10-02,22:30,55.57,38.23,100,,
2026-10-02,22:45,55.57,38.23,100,,
2026-10-02,23:00,55.57,38.23,100,,
2026-10-02,23:15,55.57,38.23,100,,
2026-10-02,23:31,55.57,38.23,100,,
2026-10-03,00:01,55.57,38.23,100,,
2026-10-03,00:16,55.57,38.23,100,,
2026-10-03,00:31,55.57,38.23,100,,
2026-10-03,00:46,55.57,38.23,100,,
2026-10-03,01:01,55.57,38.23,100,,
2026-10-03,01:16,55.57,38.23,100,,
2026-10-03,01:31,55.57,38.23,100,,
2026-10-03,01:46,55.57,38.23,100,,
2026-10-03,02:01,55.57,38.23,100,,
2026-10-03,02:16,55.57,38.23,100,,
2026-10-03,02:31,55.57,38.23,100,,
2026-10-03,02:46,55.57,38.23,100,,
2026-10-03,03:01,55.57,38.23,100,,
2026-10-03,03:16,55.57,38.23,100,,
2026-10-03,03:31,55.57,38.23,100,,
2026-10-03,03:51,55.57,38.23,100,,
2026-10-03,04:06,55.57,38.23,100,,
2026-10-03,04:22,55.57,38.23,100,,
2026-10-03,04:37,55.57,38.23,100,,
2026-10-03,04:52,55.57,38.23,100,,
2026-10-03,05:07,55.57,38.23,100,,
2026-10-03,05:22,55.57,38.23,100,,
2026-10-03,05:37,55.57,38.23,100,,
2026-10-03,05:52,55.57,38.23,100,,
2026-10-03,06:07,55.57,38.23,100,,
2026-10-03,06:22,55.57,38.23,100,,
2026-10-03,06:37,55.57,38.23,100,,
2026-10-03,06:52,55.57,38.23,100,,
2026-10-03,07:07,55.57,38.23,100,,
2026-10-03,07:22,55.57,38.23,100,,
2026-10-03,07:37,55.57,38.23,100,,
2026-10-03,07:52,55.57,38.23,100,,
2026-10-03,08:07,55.57,38.23,100,,
2026-10-03,08:22,55.57,38.23,100,,
2026-10-03,08:37,55.57,38.23,100,,
2026-10-03,08:52,55.57,38.23,100,,
2026-10-03,09:07,55.57,38.23,100,,
2026-10-03,09:22,55.57,38.23,100,,
2026-10-03,09:37,55.57,38.23,100,,
2026-10-03,09:52,55.57,38.23,100,,
2026-10-03,10:07,55.57,38.23,100,,
2026-10-03,10:22,55.57,38.23,100,,
2026-10-03,10:37,55.57,38.23,100,,
2026-10-03,10:52,55.57,38.23,100,,
2026-10-03,11:07,55.57,38.23,100,,
2026-10-03,11:22,55.57,38.23,100,,
2026-10-03,11:37,55.57,38.23,100,,
2026-10-03,11:52,55.57,38.23,100,,
2026-10-03,12:07,55.57,38.23,100,,
2026-10-03,12:22,55.57,38.23,100,,
2026-10-03,12:37,55.57,38.23,100,,
2026-10-03,12:52,55.57,38.23,100,,
2026-10-03,13:07,55.57,38.23,100,,
2026-10-03,13:22,55.57,38.23,104,,
2026-10-03,13:37,55.57,38.23,104,,
2026-10-03,13:52,55.57,38.23,104,,
2026-10-03,14:07,55.57,38.23,104,,
2026-10-03,14:23,55.57,38.23,104,,
2026-10-03,14:38,55.57,38.23,104,,
2026-10-03,14:53,55.57,38.23,104,,
2026-10-03,15:08,55.57,38.23,100,,
2026-10-03,15:23,55.57,38.23,100,,
2026-10-03,15:38,55.57,38.23,100,,
2026-10-03,15:53,55.57,38.23,100,,
2026-10-03,16:08,55.57,38.23,100,,
2026-10-03,16:23,55.57,38.23,100,,
2026-10-03,16:38,55.57,38.23,100,,
2026-10-03,16:53,55.57,38.23,100,,
2026-10-03,17:08,55.57,38.23,100,,
2026-10-03,17:23,55.57,38.23,100,,
2026-10-03,17:38,55.57,38.23,100,,
2026-10-03,17:53,55.57,38.23,100,,
2026-10-03,18:08,55.57,38.23,100,,
2026-10-03,18:23,55.57,38.23,100,,
2026-10-03,18:38,55.57,38.23,100,,
2026-10-03,18:53,55.57,38.23,100,,
2026-10-03,19:08,55.57,38.23,100,,
2026-10-03,19:23,55.57,38.23,100,,
2026-10-03,19:38,55.57,38.23,100,,
2026-10-03,19:53,55.57,38.23,100,,
2026-10-03,20:08,55.57,38.23,100,,
2026-10-03,20:23,55.57,38.23,100,,
2026-10-03,20:38,55.57,38.23,100,,
2026-10-03,20:53,55.57,38.23,100,,
2026-10-03,21:08,55.57,38.23,99,,
2026-10-03,21:23,55.57,38.23,100,,
2026-10-03,21:38,55.57,38.23,100,,
2026-10-03,21:53,55.57,38.23,100,,
2026-10-03,22:08,55.57,38.23,100,,
2026-10-03,22:23,55.57,38.23,100,,
2026-10-03,22:38,55.57,38.23,100,,
2026-10-03,22:53,55.57,38.23,100,,
2026-10-03,23:08,55.57,38.23,100,,
2026-10-03,23:23,55.57,38.23,100,,
2026-10-03,23:38,55.57,38.23,100,,
2026-10-03,23:53,55.57,38.23,100,,
2026-10-04,00:08,55.57,38.23,100,,
2026-10-04,00:23,55.57,38.23,100,,
2026-10-04,00:39,55.57,38.23,100,,
2026-10-04,00:54,55.57,38.23,100,,
2026-10-04,01:09,55.57,38.23,100,,
2026-10-04,01:24,55.57,38.23,100,,
2026-10-04,01:39,55.57,38.23,100,,
2026-10-04,01:54,55.57,38.23,100,,
2026-10-04,02:09,55.57,38.23,100,,
2026-10-04,02:24,55.57,38.23,100,,
2026-10-04,02:39,55.57,38.23,100,,
2026-10-04,02:54,55.57,38.23,100,,
2026-10-04,03:09,55.57,38.23,100,,
2026-10-04,03:24,55.57,38.23,100,,
2026-10-04,03:39,55.57,38.23,100,,
2026-10-04,03:54,55.57,38.23,100,,
2026-10-04,04:09,55.57,38.23,100,,
2026-10-04,04:24,55.57,38.23,100,,
2026-10-04,04:39,55.57,38.23,100,,
2026-10-04,04:54,55.57,38.23,100,,
2026-10-04,05:09,55.57,38.23,100,,
2026-10-04,05:24,55.57,38.23,100,,
2026-10-04,05:39,55.57,38.23,100,,
2026-10-04,05:54,55.57,38.23,100,,
2026-10-04,06:09,55.57,38.23,100,,
2026-10-04,06:24,55.57,38.23,100,,
2026-10-04,06:39,55.57,38.23,100,,
2026-10-04,06:54,55.57,38.23,100,,
2026-10-04,07:09,55.57,38.23,100,,
2026-10-04,07:24,55.57,38.23,100,,
2026-10-04,07:39,55.57,38.23,100,,
2026-10-04,07:54,55.57,38.23,100,,
2026-10-04,08:09,55.57,38.23,100,,
2026-10-04,08:24,55.57,38.23,100,,
2026-10-04,08:47,55.57,38.23,16,,
2026-10-04,16:21,55.57,38.23,100,,
2026-10-04,16:48,55.57,38.23,16,,
2026-10-04,20:09,55.57,38.23,100,,
2026-10-04,21:40,55.57,38.23,100,,
2026-10-05,03:42,55.57,38.23,100,,
2026-10-05,09:29,55.57,38.23,100,,
2026-10-05,09:45,55.57,38.23,100,,
2026-10-05,11:11,55.57,38.23,100,,
2026-10-05,12:01,55.57,38.23,100,,
2026-10-05,13:12,55.57,38.23,100,,
2026-10-05,17:13,55.57,38.23,100,,
2026-10-05,19:13,55.57,38.23,100,,
2026-10-05,20:46,55.57,38.23,100,,
2026-10-05,23:15,55.57,38.23,100,,
2026-10-05,23:31,55.57,38.23,100,,
2026-10-05,23:33,55.57,38.23,14,,
2026-10-06,00:55,55.57,38.23,19,,
2026-10-06,03:34,55.57,38.23,100,,
2026-10-06,04:13,55.57,38.23,100,,
2026-10-06,04:31,55.57,38.23,100,,
2026-10-06,07:00,55.57,38.23,18,,
2026-10-06,13:05,55.57,38.23,100,,
2026-10-06,13:36,55.57,38.23,100,,
2026-10-06,13:52,55.57,38.23,100,,
2026-10-06,14:07,55.57,38.23,100,,
2026-10-06,15:03,55.57,38.23,100,,
2026-10-06,16:06,55.57,38.23,100,,
2026-10-06,16:23,55.57,38.23,110,,
2026-10-06,16:52,55.57,38.23,110,,
2026-10-06,17:11,55.57,38.23,110,,
2026-10-06,19:26,55.57,38.23,110,,
2026-10-06,23:27,55.57,38.23,17,,
2026-10-07,00:04,55.57,38.23,100,,
2026-10-07,00:19,55.57,38.23,14,,
2026-10-07,01:16,55.57,38.23,100,,
2026-10-07,01:31,55.57,38.23,100,,
2026-10-07,02:22,55.57,38.23,100,,
2026-10-07,02:37,55.57,38.23,100,,
2026-10-07,03:00,55.57,38.23,100,,
2026-10-07,04:13,55.57,38.23,100,,
2026-10-07,04:28,55.57,38.23,100,,
2026-10-07,05:48,55.57,38.23,100,,
2026-10-07,06:03,55.57,38.23,100,,
2026-10-07,07:45,55.57,38.23,100,,
2026-10-07,08:29,55.57,38.23,100,,
2026-10-07,09:20,55.57,38.23,100,,
2026-10-07,10:02,55.57,38.23,20,,
2026-10-07,11:56,55.57,38.23,100,,
2026-10-07,12:45,55.57,38.23,100,,
2026-10-07,14:34,55.57,38.23,100,,
2026-10-07,14:39,55.57,38.23,100,,
2026-10-07,16:41,55.57,38.23,100,,
2026-10-07,20:39,55.57,38.23,18,,
2026-10-07,22:05,55.57,38.23,100,,
2026-10-08,01:13,55.57,38.23,100,,
2026-10-08,01:23,55.57,38.23,14,,
2026-10-08,02:00,55.57,38.23,100,,
2026-10-08,02:15,55.57,38.23,100,,
2026-10-08,02:20,55.57,38.23,100,,
2026-10-08,02:34,55.57,38.23,100,,
2026-10-08,03:02,55.57,38.23,100,,
2026-10-08,04:05,55.57,38.23,100,,
2026-10-08,05:06,55.57,38.23,100,,
2026-10-08,06:00,55.57,38.23,100,,
2026-10-08,06:24,55.57,38.23,100,,
2026-10-08,09:06,55.57,38.23,15,,
2026-10-08,09:11,55.57,38.23,100,,
2026-10-08,10:33,55.57,38.23,100,,
2026-10-08,11:25,55.57,38.23,100,,
2026-10-08,15:11,55.57,38.23,100,,
2026-10-08,20:49,55.57,38.23,100,,
2026-10-08,22:01,55.57,38.23,100,,
2026-10-08,23:30,55.57,38.23,100,,
2026-10-09,03:15,55.57,38.23,100,,
2026-10-09,03:44,55.57,38.23,16,,
2026-10-09,04:03,55.57,38.23,16,,
2026-10-09,04:27,55.57,38.23,15,,
2026-10-09,04:44,55.57,38.23,16,,
2026-10-09,05:26,55.57,38.23,100,,
2026-10-09,05:53,55.57,38.23,100,,
2026-10-09,06:08,55.57,38.23,100,,
2026-10-09,06:13,55.57,38.23,100,,
2026-10-09,06:44,55.57,38.23,100,,
2026-10-09,07:04,55.57,38.23,100,,
2026-10-09,08:34,55.57,38.23,100,,
2026-10-09,10:22,55.57,38.23,100,,
2026-10-09,10:35,55.57,38.23,21,,
2026-10-09,11:33,55.57,38.23,17,,
2026-10-09,12:34,55.57,38.23,15,,
2026-10-09,12:59,55.57,38.23,17,,
2026-10-09,13:39,55.57,38.23,17,,
2026-10-09,16:45,55.57,38.23,100,,
2026-10-09,16:56,55.57,38.23,100,,
2026-10-09,17:06,55.57,38.23,100,,
2026-10-09,17:16,55.57,38.23,100,,
2026-10-09,17:32,55.57,38.23,16,,
2026-10-09,17:47,55.57,38.23,62,,
2026-10-09,17:57,55.57,38.23,100,,
2026-10-09,18:17,55.57,38.23,100,,
2026-10-09,18:32,55.57,38.23,100,,
2026-10-09,18:37,55.57,38.23,100,,
2026-10-09,18:47,55.57,38.23,100,,
2026-10-09,19:07,55.57,38.23,100,,
2026-10-09,19:22,55.57,38.23,100,,
2026-10-09,19:27,55.57,38.23,100,,
2026-10-09,19:37,55.57,38.23,100,,
2026-10-09,19:57,55.57,38.23,100,,
2026-10-09,20:12,55.57,38.23,100,,
2026-10-09,20:17,55.57,38.23,100,,
2026-10-09,20:27,55.57,38.23,100,,
2026-10-09,20:47,55.57,38.23,100,,
2026-10-09,21:02,55.57,38.23,100,,
2026-10-09,21:07,55.57,38.23,100,,
2026-10-09,21:17,55.57,38.23,100,,
2026-10-09,21:37,55.57,38.23,100,,
2026-10-09,21:52,55.57,38.23,100,,
2026-10-09,21:58,55.57,38.23,16,,
2026-10-09,22:08,55.57,38.23,15,,
2026-10-09,22:28,55.57,38.23,16,,
2026-10-09,22:43,55.57,38.23,17,,
2026-10-09,22:48,55.57,38.23,15,,
2026-10-09,22:58,55.57,38.23,14,,
2026-10-09,23:18,55.57,38.23,14,,
2026-10-09,23:33,55.57,38.23,15,,
2026-10-09,23:42,55.57,38.23,14,,
2026-10-10,00:35,55.57,38.23,16,,
2026-10-10,01:23,55.57,38.23,100,,
2026-10-10,02:00,55.57,38.23,100,,
2026-10-10,03:56,55.57,38.23,100,,
2026-10-10,05:09,55.57,38.23,100,,
2026-10-10,05:50,55.57,38.23,100,,
2026-10-10,06:10,55.57,38.23,100,,
2026-10-10,07:57,55.57,38.23,100,,
2026-10-10,09:14,55.57,38.23,100,,
2026-10-10,10:08,55.57,38.23,100,,
2026-10-10,10:30,55.57,38.23,20,,
2026-10-10,11:25,55.57,38.23,16,,
2026-10-10,12:17,55.57,38.23,28,,
2026-10-10,12:40,55.57,38.23,17,,
2026-10-10,12:59,55.57,38.23,37,,
2026-10-10,13:15,55.57,38.23,18,,
2026-10-10,15:19,55.57,38.23,100,,
2026-10-10,17:26,55.57,38.23,100,,
2026-10-10,21:16,55.57,38.23,100,,
2026-10-10,21:21,55.57,38.23,100,,
2026-10-10,21:31,55.57,38.23,100,,
2026-10-10,22:06,55.57,38.23,100,,
2026-10-10,22:11,55.57,38.23,100,,
2026-10-10,22:21,55.57,38.23,100,,
2026-10-10,22:41,55.57,38.23,100,,
2026-10-10,22:56,55.57,38.23,100,,
2026-10-10,23:01,55.57,38.23,100,,
2026-10-10,23:11,55.57,38.23,100,,
2026-10-10,23:31,55.57,38.23,100,,
