date,time,name,dose,illness,note
2026-08-26,23:30,Мелатонин,2 таблетки,Адгезивный капсулит плеча (M75.0),
2026-09-03,23:17,Мелатонин,2 таблетки,Адгезивный капсулит плеча (M75.0),
2026-09-09,,Дутастерид,0.5 мг,Себорейный дерматит,по задаче «Дутастерид»
2026-09-09,,Шампунь Кетомизол,мытьё головы,Себорейный дерматит,кетоконазол + цинк
2026-09-09,00:18,Мелатонин,1 таблетка,Адгезивный капсулит плеча (M75.0),
2026-09-10,,Дутастерид,0.5 мг,Себорейный дерматит,по задаче «Дутастерид»
2026-09-10,23:44,Ducray Elution (лечебный шампунь),,Себорейный дерматит,
2026-09-11,,Дутастерид,0.5 мг,Себорейный дерматит,по задаче «Дутастерид»
2026-09-12,,Дутастерид,0.5 мг,Себорейный дерматит,по задаче «Дутастерид»
2026-09-13,,Дутастерид,0.5 мг,Себорейный дерматит,по задаче «Дутастерид»
2026-09-14,,Дутастерид,0.5 мг,Себорейный дерматит,по задаче «Дутастерид»
2026-09-15,,Дутастерид,0.5 мг,Себорейный дерматит,по задаче «Дутастерид»
2026-09-16,,Дутастерид,0.5 мг,Себорейный дерматит,по задаче «Дутастерид»
2026-09-19,,Дутастерид,0.5 мг,Себорейный дерматит,по задаче «Дутастерид»
2026-09-19,,Дутастерид,0.5 мг,Себорейный дерматит,по задаче «Дутастерид»
2026-09-19,,Дутастерид,0.5 мг,Себорейный дерматит,по задаче «Дутастерид»
2026-09-21,,Дутастерид,0.5 мг,Себорейный дерматит,по задаче «Дутастерид»
2026-09-21,,Дутастерид,0.5 мг,Себорейный дерматит,по задаче «Дутастерид»
2026-09-22,,Дутастерид,0.5 мг,Себорейный дерматит,по задаче «Дутастерид»
2026-09-24,,Дутастерид,0.5 мг,Себорейный дерматит,по задаче «Дутастерид»
2026-09-25,,Дутастерид,0.5 мг,Себорейный дерматит,по задаче «Дутастерид»
2026-09-25,,Дутастерид,0.5 мг,Себорейный дерматит,по задаче «Дутастерид»
2026-09-27,,Дутастерид,0.5 мг,Себорейный дерматит,по задаче «Дутастерид»
2026-09-27,,Дутастерид,0.5 мг,Себорейный дерматит,по задаче «Дутастерид»
2026-09-27,23:16,Мелатонин,2 таблетки,,"нормализация режима после перелёта с Бали (джетлаг), не связано с болезнью"
2026-09-28,,Дутастерид,0.5 мг,Себорейный дерматит,по задаче «Дутастерид»
2026-09-28,,Финастерид,"0,1% лосьон, наружно",Себорейный дерматит,по задаче «Финастерид»
2026-09-29,,Финастерид,"0,1% лосьон, наружно",Себорейный дерматит,по задаче «Финастерид»
2026-09-29,,Дутастерид,0.5 мг,Себорейный дерматит,по задаче «Дутастерид»
2026-09-30,,Дутастерид,0.5 мг,Себорейный дерматит,по задаче «Дутастерид»
2026-09-30,,Финастерид,"0,1% лосьон, наружно",Себорейный дерматит,по задаче «Финастерид»
