date,time,app,package,title,text,category
2026-09-29,10:49:19,Telegram,org.telegram.messenger,Oleg Kashkanov,давай тут соберемся,msg
2026-09-29,10:49:19,Telegram,org.telegram.messenger,Александр,"Добрый день, когда удобно говорить?",msg
2026-09-29,10:49:25,Telegram,org.telegram.messenger,Александр,"Добрый день, когда удобно говорить?",msg
2026-09-29,11:18:18,Telegram,org.telegram.messenger,Антон Тренер,Voice message,msg
2026-09-29,11:22:10,Telegram,org.telegram.messenger,Антон Тренер,Voice message,msg
2026-09-29,11:26:06,Telegram,org.telegram.messenger,Антон Тренер,Voice message,msg
2026-09-29,11:26:07,Telegram,org.telegram.messenger,Антон Тренер,Voice message,msg
2026-09-29,11:26:08,Telegram,org.telegram.messenger,Антон Тренер,Voice message,msg
2026-09-29,11:59:01,Telegram,org.telegram.messenger,Мемошная «У Димы»: Nikita Panchenko,Nikita Panchenko sent a message to the group Мемошная «У Димы»,msg
