date,time,kind,minutes,jumps,details,place
2026-08-28,16:55,прыжки,,1,"Углы, с GooseTribe",DZK
2026-08-29,16:55,прыжки,,7,"Углы, с GooseTribe",DZK
2026-08-30,16:55,прыжки,,6,"Углы, с GooseTribe",DZK
2026-08-31,16:55,прыжки,,6,"Купольное пилотирование с Залужным Владимиром, заход с разворотом 90°, крайний взлёт дня — уже с разворотом 270°. Парашют Rave 100 sqft",DZK
2026-09-01,16:55,прыжки,,5,"Купольное пилотирование с Залужным Владимиром, заход с разворотом 270° весь день. Парашют Rave 100 sqft",DZK
2026-09-03,11:26,прыжки,,2,"пилотирование, разворот 270 на H&P; на втором прыжке вылетел слайдер, нашли",DZK
2026-09-03,19:36,прыжки,,4,"head up, приземление с разворотом 90",DZK
2026-09-04,13:56,прыжки,,2,"на углы, с инструктором Боровиком, заход на приземление с разворотом 90 градусов",дропзона
2026-09-04,13:56,прыжки,,2,"на углы, с инструктором Боровиком, заход на приземление с разворотом 90 градусов",дропзона
