date,time,type,minutes,kcal,source,details
2026-08-03,,не указан,,,вручную,отмечена как выполненная
2026-08-05,,не указан,,,вручную,отмечена как выполненная
2026-08-07,,не указан,,,вручную,отмечена как выполненная
2026-08-09,,йога,,,вручную,заметка «ноги»; сама тренировка отмечена как не выполненная
2026-08-20,22:00,аэротруба,15,,вручную+fitbit,"Flow Moscow, с Ярославом Деруновым"
2026-08-20,23:00,аэротруба,15,,вручную+fitbit,"Flow Moscow, с Ярославом Деруновым"
2026-08-21,15:36,силовая,,,вручную,Жим ногами 120кг×15; присед на ноги 30кг×15; жим в Смите на грудь 50кг×6-10; тяга на бицепс 20кг×6-10 · зал
2026-08-24,22:00,аэротруба,15,,вручную+fitbit,Flow Moscow · соло
2026-08-24,22:50,аэротруба,15,,вручную+fitbit,Flow Moscow · соло
2026-08-25,20:00,силовая,60,,вручную+fitbit,
2026-09-04,13:56,прыжки,3,,вручную,"2 прыжка на углы с Боровиком, заход на приземление с разворотом 90 градусов"
2026-09-08,20:00,силовая,60,,вручную+fitbit,"DDX, с Антоном"
2026-09-09,19:30,аэротруба,15,,вручную+fitbit,"Vacuum, с Фитисовым, 1-й заход"
2026-09-09,20:30,аэротруба,15,,вручную+fitbit,"Vacuum, с Фитисовым, 2-й заход (часы записали как велосипед)"
2026-09-10,14:29,ходьба,51,,fitbit,
2026-09-11,20:00,силовая,60,,вручную+fitbit,
2026-09-12,09:36,ходьба,59,,fitbit,
2026-09-12,22:00,аэротруба,15,,вручную,"флаерсы, с Яриком · сайд-столы, с Яриком"
2026-09-13,12:30,ходьба,25,,fitbit,
2026-09-13,14:29,ходьба,24,,fitbit,
2026-09-13,15:15,ходьба,71,,fitbit,
2026-09-14,19:30,аэротруба,15,,вручную,"VFS и немного динамики, с Фитисовым, 1-й заход · Vacuum · VFS и немного динамики, с Фитисовым, 2-й заход · Vacuum"
2026-09-15,20:14,силовая,75,,fitbit,
2026-09-16,22:00,аэротруба,15,,вручную,"Flow, с Деруновым, 1-й заход: слайды вперёд/назад, перекладки в слайде, флаерсы, lines"
2026-09-16,23:00,аэротруба,15,,вручную,"Flow, с Деруновым, 2-й заход: слайды вперёд/назад, перекладки в слайде, флаерсы, lines"
2026-09-18,03:22,ходьба,39,,fitbit,
2026-09-18,04:44,ходьба,24,,fitbit,
2026-09-18,15:35,ходьба,17,,fitbit,
2026-09-19,06:35,ходьба,24,,fitbit,
2026-09-19,07:06,аквапарк,210,,вручную+fitbit,"Бали, около 3,5 часов; часы приняли за силовую"
2026-09-19,08:02,ходьба,47,,fitbit,
2026-09-27,20:38,ходьба,59,,fitbit,
2026-09-28,18:06,ходьба,69,,fitbit,
2026-09-30,13:00,силовая,60,,вручную,"DDX, с Антоном: маятниковый присед, тяга к животу, вертикальная тяга, отведение плеча, трицепс на блоке"
2026-09-30,16:35,ходьба,31,,fitbit,
2026-10-01,22:38,аэротруба,15,,вручную+fitbit,"Flow, с Деруновым, 1-й заход"
2026-10-01,23:37,аэротруба,15,,вручную+fitbit,"Flow, с Деруновым, 2-й заход"
2026-10-02,21:30,аэротруба,15,,вручную+fitbit,"Vacuum, с Фитисовым, 1-й заход"
2026-10-02,22:29,аэротруба,15,,вручную+fitbit,"Vacuum, с Фитисовым, 2-й заход"
2026-10-03,11:00,силовая,60,,вручную,"DDX, с Антоном: ягодичный мост, жим ногами, вертикальная тяга, горизонтальная тяга, отведение плеча"
2026-10-04,16:08,силовая,15,,fitbit,
2026-10-05,14:30,аэротруба,20,,вручную+fitbit,"Flow, соло: 15 мин флаерсы + 5 мин отдельно полетал вокруг труб"
2026-10-06,20:10,силовая,46,,fitbit,
